timestamp,person_count,bounding_boxes,frame_width,frame_height
2026-06-10 14:56:05,1,"[{""x1"": 77, ""y1"": 92, ""x2"": 265, ""y2"": 239, ""confidence"": 0.482}]",320,240
2026-06-10 14:56:06,1,"[{""x1"": 72, ""y1"": 92, ""x2"": 268, ""y2"": 239, ""confidence"": 0.567}]",320,240
2026-06-10 14:56:06,1,"[{""x1"": 112, ""y1"": 94, ""x2"": 267, ""y2"": 239, ""confidence"": 0.574}]",320,240
2026-06-10 14:56:06,1,"[{""x1"": 107, ""y1"": 95, ""x2"": 271, ""y2"": 239, ""confidence"": 0.457}]",320,240
2026-06-10 14:56:06,1,"[{""x1"": 73, ""y1"": 93, ""x2"": 270, ""y2"": 239, ""confidence"": 0.64}]",320,240
2026-06-10 14:56:06,1,"[{""x1"": 72, ""y1"": 92, ""x2"": 272, ""y2"": 239, ""confidence"": 0.648}]",320,240
2026-06-10 14:56:07,1,"[{""x1"": 77, ""y1"": 92, ""x2"": 271, ""y2"": 239, ""confidence"": 0.511}]",320,240
2026-06-10 14:56:07,1,"[{""x1"": 75, ""y1"": 93, ""x2"": 264, ""y2"": 239, ""confidence"": 0.554}]",320,240
2026-06-10 14:56:07,1,"[{""x1"": 75, ""y1"": 93, ""x2"": 244, ""y2"": 239, ""confidence"": 0.533}]",320,240
2026-06-10 14:56:07,1,"[{""x1"": 75, ""y1"": 94, ""x2"": 240, ""y2"": 239, ""confidence"": 0.5}]",320,240
2026-06-10 14:56:07,1,"[{""x1"": 75, ""y1"": 91, ""x2"": 270, ""y2"": 239, ""confidence"": 0.709}]",320,240
2026-06-10 14:56:07,2,"[{""x1"": 74, ""y1"": 95, ""x2"": 238, ""y2"": 239, ""confidence"": 0.545}, {""x1"": 116, ""y1"": 95, ""x2"": 270, ""y2"": 239, ""confidence"": 0.255}]",320,240
2026-06-10 14:56:08,1,"[{""x1"": 63, ""y1"": 92, ""x2"": 268, ""y2"": 239, ""confidence"": 0.588}]",320,240
2026-06-10 14:56:08,1,"[{""x1"": 75, ""y1"": 92, ""x2"": 270, ""y2"": 239, ""confidence"": 0.576}]",320,240
2026-06-10 14:56:08,1,"[{""x1"": 70, ""y1"": 92, ""x2"": 272, ""y2"": 239, ""confidence"": 0.694}]",320,240
2026-06-10 14:56:08,1,"[{""x1"": 75, ""y1"": 94, ""x2"": 259, ""y2"": 239, ""confidence"": 0.568}]",320,240
2026-06-10 14:56:08,1,"[{""x1"": 75, ""y1"": 92, ""x2"": 262, ""y2"": 239, ""confidence"": 0.57}]",320,240
2026-06-10 14:56:08,1,"[{""x1"": 76, ""y1"": 91, ""x2"": 273, ""y2"": 239, ""confidence"": 0.625}]",320,240
2026-06-10 14:56:08,1,"[{""x1"": 74, ""y1"": 95, ""x2"": 239, ""y2"": 239, ""confidence"": 0.552}]",320,240
2026-06-10 14:56:09,1,"[{""x1"": 73, ""y1"": 92, ""x2"": 270, ""y2"": 239, ""confidence"": 0.521}]",320,240
2026-06-10 14:56:09,1,"[{""x1"": 74, ""y1"": 95, ""x2"": 259, ""y2"": 239, ""confidence"": 0.532}]",320,240
2026-06-10 14:56:09,1,"[{""x1"": 69, ""y1"": 93, ""x2"": 270, ""y2"": 239, ""confidence"": 0.722}]",320,240
2026-06-10 14:56:09,1,"[{""x1"": 70, ""y1"": 91, ""x2"": 271, ""y2"": 239, ""confidence"": 0.64}]",320,240
2026-06-10 14:56:10,1,"[{""x1"": 75, ""y1"": 92, ""x2"": 270, ""y2"": 239, ""confidence"": 0.791}]",320,240
2026-06-10 14:56:10,1,"[{""x1"": 76, ""y1"": 92, ""x2"": 268, ""y2"": 239, ""confidence"": 0.604}]",320,240
2026-06-10 14:56:10,1,"[{""x1"": 68, ""y1"": 91, ""x2"": 269, ""y2"": 239, ""confidence"": 0.646}]",320,240
2026-06-10 14:56:10,1,"[{""x1"": 74, ""y1"": 95, ""x2"": 256, ""y2"": 239, ""confidence"": 0.6}]",320,240
2026-06-10 14:56:10,1,"[{""x1"": 74, ""y1"": 91, ""x2"": 271, ""y2"": 239, ""confidence"": 0.649}]",320,240
2026-06-10 14:56:10,1,"[{""x1"": 73, ""y1"": 93, ""x2"": 273, ""y2"": 239, ""confidence"": 0.485}]",320,240
2026-06-10 14:56:10,1,"[{""x1"": 74, ""y1"": 92, ""x2"": 270, ""y2"": 239, ""confidence"": 0.544}]",320,240
2026-06-10 14:56:11,1,"[{""x1"": 75, ""y1"": 93, ""x2"": 271, ""y2"": 239, ""confidence"": 0.721}]",320,240
2026-06-10 14:56:11,1,"[{""x1"": 75, ""y1"": 92, ""x2"": 271, ""y2"": 239, ""confidence"": 0.73}]",320,240
2026-06-10 14:56:11,1,"[{""x1"": 75, ""y1"": 95, ""x2"": 258, ""y2"": 239, ""confidence"": 0.644}]",320,240
2026-06-10 14:56:11,1,"[{""x1"": 75, ""y1"": 91, ""x2"": 270, ""y2"": 239, ""confidence"": 0.771}]",320,240
2026-06-10 14:56:11,1,"[{""x1"": 69, ""y1"": 92, ""x2"": 269, ""y2"": 239, ""confidence"": 0.621}]",320,240
2026-06-10 14:56:11,1,"[{""x1"": 71, ""y1"": 90, ""x2"": 269, ""y2"": 239, ""confidence"": 0.717}]",320,240
2026-06-10 14:56:11,1,"[{""x1"": 74, ""y1"": 92, ""x2"": 266, ""y2"": 239, ""confidence"": 0.589}]",320,240
2026-06-10 14:56:12,1,"[{""x1"": 73, ""y1"": 94, ""x2"": 269, ""y2"": 239, ""confidence"": 0.762}]",320,240
2026-06-10 14:56:12,1,"[{""x1"": 76, ""y1"": 93, ""x2"": 273, ""y2"": 239, ""confidence"": 0.785}]",320,240
2026-06-10 14:56:12,1,"[{""x1"": 76, ""y1"": 93, ""x2"": 269, ""y2"": 239, ""confidence"": 0.599}]",320,240
2026-06-10 14:56:12,1,"[{""x1"": 75, ""y1"": 93, ""x2"": 271, ""y2"": 239, ""confidence"": 0.626}]",320,240
2026-06-10 14:56:12,1,"[{""x1"": 75, ""y1"": 95, ""x2"": 255, ""y2"": 239, ""confidence"": 0.66}]",320,240
2026-06-10 14:56:12,1,"[{""x1"": 74, ""y1"": 93, ""x2"": 272, ""y2"": 239, ""confidence"": 0.763}]",320,240
2026-06-10 14:56:13,1,"[{""x1"": 75, ""y1"": 94, ""x2"": 271, ""y2"": 239, ""confidence"": 0.725}]",320,240
2026-06-10 14:56:13,1,"[{""x1"": 74, ""y1"": 94, ""x2"": 260, ""y2"": 239, ""confidence"": 0.623}]",320,240
2026-06-10 14:56:13,1,"[{""x1"": 76, ""y1"": 93, ""x2"": 262, ""y2"": 239, ""confidence"": 0.647}]",320,240
2026-06-10 14:56:13,1,"[{""x1"": 75, ""y1"": 93, ""x2"": 269, ""y2"": 239, ""confidence"": 0.69}]",320,240
2026-06-10 14:56:13,1,"[{""x1"": 75, ""y1"": 93, ""x2"": 254, ""y2"": 239, ""confidence"": 0.677}]",320,240
2026-06-10 14:56:13,1,"[{""x1"": 76, ""y1"": 94, ""x2"": 272, ""y2"": 239, ""confidence"": 0.779}]",320,240
2026-06-10 14:56:14,1,"[{""x1"": 77, ""y1"": 95, ""x2"": 269, ""y2"": 239, ""confidence"": 0.876}]",320,240
2026-06-10 14:56:14,1,"[{""x1"": 74, ""y1"": 93, ""x2"": 269, ""y2"": 239, ""confidence"": 0.706}]",320,240
2026-06-10 14:56:14,1,"[{""x1"": 76, ""y1"": 95, ""x2"": 271, ""y2"": 239, ""confidence"": 0.841}]",320,240
2026-06-10 14:56:14,1,"[{""x1"": 78, ""y1"": 96, ""x2"": 269, ""y2"": 239, ""confidence"": 0.852}]",320,240
2026-06-10 14:56:14,1,"[{""x1"": 78, ""y1"": 95, ""x2"": 271, ""y2"": 239, ""confidence"": 0.876}]",320,240
2026-06-10 14:56:14,1,"[{""x1"": 79, ""y1"": 96, ""x2"": 269, ""y2"": 239, ""confidence"": 0.898}]",320,240
2026-06-10 14:56:15,1,"[{""x1"": 82, ""y1"": 97, ""x2"": 271, ""y2"": 239, ""confidence"": 0.852}]",320,240
2026-06-10 14:56:15,1,"[{""x1"": 82, ""y1"": 99, ""x2"": 269, ""y2"": 239, ""confidence"": 0.877}]",320,240
2026-06-10 14:56:15,1,"[{""x1"": 84, ""y1"": 99, ""x2"": 269, ""y2"": 239, ""confidence"": 0.875}]",320,240
2026-06-10 14:56:15,1,"[{""x1"": 88, ""y1"": 101, ""x2"": 269, ""y2"": 239, ""confidence"": 0.852}]",320,240
2026-06-10 14:56:15,1,"[{""x1"": 85, ""y1"": 99, ""x2"": 270, ""y2"": 239, ""confidence"": 0.853}]",320,240
2026-06-10 14:56:15,1,"[{""x1"": 79, ""y1"": 96, ""x2"": 268, ""y2"": 239, ""confidence"": 0.891}]",320,240
2026-06-10 14:56:15,1,"[{""x1"": 81, ""y1"": 97, ""x2"": 269, ""y2"": 239, ""confidence"": 0.882}]",320,240
2026-06-10 14:56:16,1,"[{""x1"": 90, ""y1"": 100, ""x2"": 268, ""y2"": 239, ""confidence"": 0.883}]",320,240
2026-06-10 14:56:16,1,"[{""x1"": 89, ""y1"": 102, ""x2"": 270, ""y2"": 239, ""confidence"": 0.882}]",320,240
2026-06-10 14:56:16,1,"[{""x1"": 88, ""y1"": 101, ""x2"": 269, ""y2"": 239, ""confidence"": 0.862}]",320,240
2026-06-10 14:56:17,1,"[{""x1"": 89, ""y1"": 103, ""x2"": 268, ""y2"": 239, ""confidence"": 0.877}]",320,240
2026-06-10 14:56:17,1,"[{""x1"": 91, ""y1"": 104, ""x2"": 265, ""y2"": 239, ""confidence"": 0.842}]",320,240
2026-06-10 14:56:17,1,"[{""x1"": 91, ""y1"": 102, ""x2"": 266, ""y2"": 240, ""confidence"": 0.857}]",320,240
2026-06-10 14:56:17,1,"[{""x1"": 91, ""y1"": 103, ""x2"": 267, ""y2"": 239, ""confidence"": 0.854}]",320,240
2026-06-10 14:56:17,1,"[{""x1"": 89, ""y1"": 101, ""x2"": 267, ""y2"": 239, ""confidence"": 0.874}]",320,240
2026-06-10 14:56:17,1,"[{""x1"": 92, ""y1"": 107, ""x2"": 269, ""y2"": 239, ""confidence"": 0.837}]",320,240
2026-06-10 14:56:17,1,"[{""x1"": 90, ""y1"": 100, ""x2"": 267, ""y2"": 239, ""confidence"": 0.842}]",320,240
2026-06-10 14:56:18,1,"[{""x1"": 93, ""y1"": 107, ""x2"": 265, ""y2"": 239, ""confidence"": 0.837}]",320,240
2026-06-10 14:56:18,1,"[{""x1"": 92, ""y1"": 107, ""x2"": 265, ""y2"": 239, ""confidence"": 0.843}]",320,240
2026-06-10 14:56:18,1,"[{""x1"": 93, ""y1"": 107, ""x2"": 266, ""y2"": 239, ""confidence"": 0.857}]",320,240
2026-06-10 14:56:18,1,"[{""x1"": 92, ""y1"": 106, ""x2"": 266, ""y2"": 239, ""confidence"": 0.853}]",320,240
2026-06-10 14:56:18,1,"[{""x1"": 93, ""y1"": 105, ""x2"": 267, ""y2"": 239, ""confidence"": 0.822}]",320,240
2026-06-10 14:56:18,1,"[{""x1"": 93, ""y1"": 107, ""x2"": 265, ""y2"": 239, ""confidence"": 0.837}]",320,240
2026-06-10 14:56:18,1,"[{""x1"": 92, ""y1"": 106, ""x2"": 269, ""y2"": 239, ""confidence"": 0.858}]",320,240
2026-06-10 14:56:19,1,"[{""x1"": 94, ""y1"": 106, ""x2"": 265, ""y2"": 239, ""confidence"": 0.832}]",320,240
2026-06-10 14:56:19,1,"[{""x1"": 96, ""y1"": 106, ""x2"": 266, ""y2"": 239, ""confidence"": 0.831}]",320,240
2026-06-10 14:56:19,1,"[{""x1"": 94, ""y1"": 97, ""x2"": 265, ""y2"": 240, ""confidence"": 0.816}]",320,240
2026-06-10 14:56:19,1,"[{""x1"": 94, ""y1"": 98, ""x2"": 266, ""y2"": 240, ""confidence"": 0.812}]",320,240
2026-06-10 14:56:19,1,"[{""x1"": 97, ""y1"": 106, ""x2"": 264, ""y2"": 239, ""confidence"": 0.83}]",320,240
2026-06-10 14:56:19,1,"[{""x1"": 95, ""y1"": 106, ""x2"": 267, ""y2"": 239, ""confidence"": 0.836}]",320,240
2026-06-10 14:56:19,1,"[{""x1"": 97, ""y1"": 107, ""x2"": 265, ""y2"": 239, ""confidence"": 0.828}]",320,240
2026-06-10 14:56:20,1,"[{""x1"": 103, ""y1"": 106, ""x2"": 268, ""y2"": 239, ""confidence"": 0.833}]",320,240
2026-06-10 14:56:20,1,"[{""x1"": 97, ""y1"": 106, ""x2"": 269, ""y2"": 239, ""confidence"": 0.837}]",320,240
2026-06-10 14:56:20,1,"[{""x1"": 98, ""y1"": 106, ""x2"": 269, ""y2"": 239, ""confidence"": 0.841}]",320,240
2026-06-10 14:56:20,1,"[{""x1"": 104, ""y1"": 106, ""x2"": 266, ""y2"": 239, ""confidence"": 0.798}]",320,240
2026-06-10 14:56:20,1,"[{""x1"": 100, ""y1"": 96, ""x2"": 268, ""y2"": 239, ""confidence"": 0.821}]",320,240
2026-06-10 14:56:20,1,"[{""x1"": 103, ""y1"": 107, ""x2"": 269, ""y2"": 239, ""confidence"": 0.801}]",320,240
2026-06-10 14:56:20,1,"[{""x1"": 106, ""y1"": 107, ""x2"": 268, ""y2"": 239, ""confidence"": 0.85}]",320,240
2026-06-10 14:56:21,1,"[{""x1"": 105, ""y1"": 107, ""x2"": 268, ""y2"": 239, ""confidence"": 0.858}]",320,240
2026-06-10 14:56:21,1,"[{""x1"": 99, ""y1"": 107, ""x2"": 268, ""y2"": 239, ""confidence"": 0.816}]",320,240
2026-06-10 14:56:21,1,"[{""x1"": 99, ""y1"": 107, ""x2"": 268, ""y2"": 239, ""confidence"": 0.829}]",320,240
2026-06-10 14:56:21,1,"[{""x1"": 105, ""y1"": 106, ""x2"": 269, ""y2"": 239, ""confidence"": 0.832}]",320,240
2026-06-10 14:56:21,1,"[{""x1"": 100, ""y1"": 106, ""x2"": 269, ""y2"": 239, ""confidence"": 0.806}]",320,240
2026-06-10 14:56:21,1,"[{""x1"": 103, ""y1"": 106, ""x2"": 265, ""y2"": 239, ""confidence"": 0.805}]",320,240
2026-06-10 14:56:22,1,"[{""x1"": 102, ""y1"": 107, ""x2"": 268, ""y2"": 239, ""confidence"": 0.848}]",320,240
2026-06-10 14:56:22,1,"[{""x1"": 101, ""y1"": 107, ""x2"": 268, ""y2"": 239, ""confidence"": 0.832}]",320,240
2026-06-10 14:56:22,1,"[{""x1"": 102, ""y1"": 107, ""x2"": 268, ""y2"": 239, ""confidence"": 0.837}]",320,240
2026-06-10 14:56:22,1,"[{""x1"": 105, ""y1"": 106, ""x2"": 269, ""y2"": 239, ""confidence"": 0.837}]",320,240
2026-06-10 14:56:22,1,"[{""x1"": 102, ""y1"": 107, ""x2"": 269, ""y2"": 239, ""confidence"": 0.815}]",320,240
2026-06-10 14:56:22,1,"[{""x1"": 99, ""y1"": 108, ""x2"": 270, ""y2"": 239, ""confidence"": 0.86}]",320,240
2026-06-10 14:56:22,1,"[{""x1"": 103, ""y1"": 107, ""x2"": 268, ""y2"": 239, ""confidence"": 0.833}]",320,240
2026-06-10 14:56:23,1,"[{""x1"": 106, ""y1"": 107, ""x2"": 268, ""y2"": 239, ""confidence"": 0.838}]",320,240
2026-06-10 14:56:23,1,"[{""x1"": 102, ""y1"": 107, ""x2"": 269, ""y2"": 239, ""confidence"": 0.829}]",320,240
2026-06-10 14:56:23,1,"[{""x1"": 102, ""y1"": 107, ""x2"": 268, ""y2"": 239, ""confidence"": 0.834}]",320,240
2026-06-10 14:56:23,1,"[{""x1"": 103, ""y1"": 109, ""x2"": 270, ""y2"": 239, ""confidence"": 0.792}]",320,240
2026-06-10 14:56:23,1,"[{""x1"": 101, ""y1"": 108, ""x2"": 268, ""y2"": 239, ""confidence"": 0.884}]",320,240
2026-06-10 14:56:23,1,"[{""x1"": 101, ""y1"": 107, ""x2"": 269, ""y2"": 239, ""confidence"": 0.821}]",320,240
2026-06-10 14:56:23,1,"[{""x1"": 104, ""y1"": 107, ""x2"": 268, ""y2"": 239, ""confidence"": 0.848}]",320,240
2026-06-10 14:56:23,1,"[{""x1"": 107, ""y1"": 108, ""x2"": 267, ""y2"": 239, ""confidence"": 0.854}]",320,240
2026-06-10 14:56:24,2,"[{""x1"": 106, ""y1"": 108, ""x2"": 268, ""y2"": 239, ""confidence"": 0.894}, {""x1"": 108, ""y1"": 135, ""x2"": 156, ""y2"": 217, ""confidence"": 0.291}]",320,240
2026-06-10 14:56:24,1,"[{""x1"": 106, ""y1"": 107, ""x2"": 268, ""y2"": 239, ""confidence"": 0.875}]",320,240
2026-06-10 14:56:24,1,"[{""x1"": 102, ""y1"": 107, ""x2"": 270, ""y2"": 239, ""confidence"": 0.823}]",320,240
2026-06-10 14:56:24,1,"[{""x1"": 103, ""y1"": 108, ""x2"": 268, ""y2"": 239, ""confidence"": 0.849}]",320,240
2026-06-10 14:56:24,1,"[{""x1"": 105, ""y1"": 107, ""x2"": 273, ""y2"": 239, ""confidence"": 0.811}]",320,240
2026-06-10 14:56:24,1,"[{""x1"": 105, ""y1"": 107, ""x2"": 266, ""y2"": 239, ""confidence"": 0.814}]",320,240
2026-06-10 14:56:24,1,"[{""x1"": 107, ""y1"": 108, ""x2"": 268, ""y2"": 239, ""confidence"": 0.852}]",320,240
2026-06-10 14:56:25,1,"[{""x1"": 100, ""y1"": 107, ""x2"": 270, ""y2"": 239, ""confidence"": 0.793}]",320,240
2026-06-10 14:56:25,1,"[{""x1"": 106, ""y1"": 107, ""x2"": 269, ""y2"": 239, ""confidence"": 0.845}]",320,240
2026-06-10 14:56:25,1,"[{""x1"": 107, ""y1"": 107, ""x2"": 268, ""y2"": 239, ""confidence"": 0.859}]",320,240
2026-06-10 14:56:25,1,"[{""x1"": 107, ""y1"": 109, ""x2"": 269, ""y2"": 239, ""confidence"": 0.861}]",320,240
2026-06-10 14:56:25,1,"[{""x1"": 102, ""y1"": 108, ""x2"": 269, ""y2"": 239, ""confidence"": 0.797}]",320,240
2026-06-10 14:56:25,1,"[{""x1"": 107, ""y1"": 107, ""x2"": 269, ""y2"": 239, ""confidence"": 0.819}]",320,240
2026-06-10 14:56:25,1,"[{""x1"": 99, ""y1"": 109, ""x2"": 270, ""y2"": 239, ""confidence"": 0.864}]",320,240
2026-06-10 14:56:26,1,"[{""x1"": 107, ""y1"": 108, ""x2"": 269, ""y2"": 239, ""confidence"": 0.797}]",320,240
2026-06-10 14:56:26,1,"[{""x1"": 103, ""y1"": 109, ""x2"": 270, ""y2"": 239, ""confidence"": 0.832}]",320,240
2026-06-10 14:56:26,1,"[{""x1"": 101, ""y1"": 108, ""x2"": 271, ""y2"": 239, ""confidence"": 0.828}]",320,240
2026-06-10 14:56:26,1,"[{""x1"": 103, ""y1"": 108, ""x2"": 269, ""y2"": 239, ""confidence"": 0.856}]",320,240
2026-06-10 14:56:26,1,"[{""x1"": 105, ""y1"": 108, ""x2"": 269, ""y2"": 239, ""confidence"": 0.841}]",320,240
2026-06-10 14:56:26,1,"[{""x1"": 106, ""y1"": 106, ""x2"": 271, ""y2"": 239, ""confidence"": 0.77}]",320,240
2026-06-10 14:56:26,1,"[{""x1"": 107, ""y1"": 108, ""x2"": 269, ""y2"": 239, ""confidence"": 0.837}]",320,240
2026-06-10 14:56:26,1,"[{""x1"": 102, ""y1"": 107, ""x2"": 272, ""y2"": 239, ""confidence"": 0.829}]",320,240
2026-06-10 14:56:27,1,"[{""x1"": 102, ""y1"": 106, ""x2"": 268, ""y2"": 239, ""confidence"": 0.793}]",320,240
2026-06-10 14:56:27,1,"[{""x1"": 104, ""y1"": 109, ""x2"": 269, ""y2"": 239, ""confidence"": 0.845}]",320,240
2026-06-10 14:56:27,1,"[{""x1"": 104, ""y1"": 108, ""x2"": 269, ""y2"": 239, ""confidence"": 0.851}]",320,240
2026-06-10 14:56:27,1,"[{""x1"": 107, ""y1"": 109, ""x2"": 270, ""y2"": 239, ""confidence"": 0.848}]",320,240
2026-06-10 14:56:27,1,"[{""x1"": 104, ""y1"": 96, ""x2"": 268, ""y2"": 239, ""confidence"": 0.785}]",320,240
2026-06-10 14:56:27,1,"[{""x1"": 97, ""y1"": 108, ""x2"": 268, ""y2"": 239, ""confidence"": 0.805}]",320,240
2026-06-10 14:56:27,1,"[{""x1"": 108, ""y1"": 108, ""x2"": 270, ""y2"": 239, ""confidence"": 0.846}]",320,240
2026-06-10 14:56:28,1,"[{""x1"": 108, ""y1"": 109, ""x2"": 268, ""y2"": 239, ""confidence"": 0.875}]",320,240
2026-06-10 14:56:28,1,"[{""x1"": 106, ""y1"": 107, ""x2"": 268, ""y2"": 239, ""confidence"": 0.867}]",320,240
2026-06-10 14:56:28,1,"[{""x1"": 105, ""y1"": 109, ""x2"": 267, ""y2"": 239, ""confidence"": 0.856}]",320,240
2026-06-10 14:56:28,2,"[{""x1"": 100, ""y1"": 109, ""x2"": 268, ""y2"": 239, ""confidence"": 0.887}, {""x1"": 112, ""y1"": 136, ""x2"": 157, ""y2"": 213, ""confidence"": 0.253}]",320,240
2026-06-10 14:56:28,1,"[{""x1"": 105, ""y1"": 107, ""x2"": 269, ""y2"": 239, ""confidence"": 0.841}]",320,240
2026-06-10 14:56:28,1,"[{""x1"": 101, ""y1"": 107, ""x2"": 268, ""y2"": 239, ""confidence"": 0.823}]",320,240
2026-06-10 14:56:28,1,"[{""x1"": 102, ""y1"": 109, ""x2"": 271, ""y2"": 239, ""confidence"": 0.805}]",320,240
2026-06-10 14:56:29,1,"[{""x1"": 101, ""y1"": 106, ""x2"": 267, ""y2"": 239, ""confidence"": 0.834}]",320,240
2026-06-10 14:56:29,1,"[{""x1"": 107, ""y1"": 109, ""x2"": 268, ""y2"": 239, ""confidence"": 0.885}]",320,240
2026-06-10 14:56:29,1,"[{""x1"": 105, ""y1"": 109, ""x2"": 269, ""y2"": 239, ""confidence"": 0.857}]",320,240
2026-06-10 14:56:29,1,"[{""x1"": 98, ""y1"": 98, ""x2"": 269, ""y2"": 239, ""confidence"": 0.811}]",320,240
2026-06-10 14:56:29,1,"[{""x1"": 101, ""y1"": 109, ""x2"": 268, ""y2"": 239, ""confidence"": 0.864}]",320,240
2026-06-10 14:56:29,1,"[{""x1"": 107, ""y1"": 107, ""x2"": 268, ""y2"": 239, ""confidence"": 0.854}]",320,240
2026-06-10 14:56:29,1,"[{""x1"": 107, ""y1"": 109, ""x2"": 269, ""y2"": 239, ""confidence"": 0.878}]",320,240
2026-06-10 14:56:30,1,"[{""x1"": 103, ""y1"": 107, ""x2"": 268, ""y2"": 239, ""confidence"": 0.859}]",320,240
2026-06-10 14:56:30,1,"[{""x1"": 107, ""y1"": 109, ""x2"": 270, ""y2"": 239, ""confidence"": 0.857}]",320,240
2026-06-10 14:56:30,1,"[{""x1"": 107, ""y1"": 107, ""x2"": 269, ""y2"": 239, ""confidence"": 0.819}]",320,240
2026-06-10 14:56:30,1,"[{""x1"": 104, ""y1"": 108, ""x2"": 269, ""y2"": 239, ""confidence"": 0.866}]",320,240
2026-06-10 14:56:30,1,"[{""x1"": 105, ""y1"": 109, ""x2"": 266, ""y2"": 239, ""confidence"": 0.853}]",320,240
2026-06-10 14:56:30,1,"[{""x1"": 106, ""y1"": 107, ""x2"": 270, ""y2"": 239, ""confidence"": 0.858}]",320,240
2026-06-10 14:56:31,1,"[{""x1"": 102, ""y1"": 108, ""x2"": 269, ""y2"": 239, ""confidence"": 0.863}]",320,240
2026-06-10 14:56:31,1,"[{""x1"": 107, ""y1"": 108, ""x2"": 270, ""y2"": 239, ""confidence"": 0.86}]",320,240
2026-06-10 14:56:31,1,"[{""x1"": 102, ""y1"": 108, ""x2"": 268, ""y2"": 239, ""confidence"": 0.852}]",320,240
2026-06-10 14:56:31,1,"[{""x1"": 104, ""y1"": 107, ""x2"": 267, ""y2"": 239, ""confidence"": 0.85}]",320,240
2026-06-10 14:56:31,1,"[{""x1"": 107, ""y1"": 107, ""x2"": 269, ""y2"": 239, ""confidence"": 0.815}]",320,240
2026-06-10 14:56:31,1,"[{""x1"": 103, ""y1"": 108, ""x2"": 267, ""y2"": 239, ""confidence"": 0.836}]",320,240
2026-06-10 14:56:32,1,"[{""x1"": 102, ""y1"": 98, ""x2"": 268, ""y2"": 239, ""confidence"": 0.794}]",320,240
2026-06-10 14:56:32,1,"[{""x1"": 107, ""y1"": 108, ""x2"": 269, ""y2"": 239, ""confidence"": 0.81}]",320,240
2026-06-10 14:56:32,1,"[{""x1"": 108, ""y1"": 108, ""x2"": 269, ""y2"": 239, ""confidence"": 0.863}]",320,240
2026-06-10 14:56:32,1,"[{""x1"": 106, ""y1"": 109, ""x2"": 268, ""y2"": 239, ""confidence"": 0.872}]",320,240
2026-06-10 14:56:32,1,"[{""x1"": 107, ""y1"": 108, ""x2"": 267, ""y2"": 239, ""confidence"": 0.861}]",320,240
2026-06-10 14:56:33,1,"[{""x1"": 106, ""y1"": 108, ""x2"": 267, ""y2"": 239, ""confidence"": 0.867}]",320,240
2026-06-10 14:56:33,1,"[{""x1"": 101, ""y1"": 108, ""x2"": 268, ""y2"": 239, ""confidence"": 0.855}]",320,240
2026-06-10 14:56:33,1,"[{""x1"": 107, ""y1"": 108, ""x2"": 268, ""y2"": 239, ""confidence"": 0.834}]",320,240
2026-06-10 14:56:33,1,"[{""x1"": 104, ""y1"": 108, ""x2"": 269, ""y2"": 239, ""confidence"": 0.852}]",320,240
2026-06-10 14:56:33,1,"[{""x1"": 105, ""y1"": 108, ""x2"": 267, ""y2"": 239, ""confidence"": 0.858}]",320,240
2026-06-10 14:56:33,1,"[{""x1"": 102, ""y1"": 107, ""x2"": 269, ""y2"": 239, ""confidence"": 0.816}]",320,240
2026-06-10 14:56:33,1,"[{""x1"": 107, ""y1"": 108, ""x2"": 268, ""y2"": 239, ""confidence"": 0.827}]",320,240
2026-06-10 14:56:34,1,"[{""x1"": 106, ""y1"": 109, ""x2"": 268, ""y2"": 239, ""confidence"": 0.861}]",320,240
2026-06-10 14:56:34,1,"[{""x1"": 106, ""y1"": 109, ""x2"": 267, ""y2"": 239, ""confidence"": 0.884}]",320,240
2026-06-10 14:56:34,1,"[{""x1"": 106, ""y1"": 108, ""x2"": 268, ""y2"": 239, ""confidence"": 0.873}]",320,240
2026-06-10 14:56:34,1,"[{""x1"": 107, ""y1"": 108, ""x2"": 268, ""y2"": 239, ""confidence"": 0.85}]",320,240
2026-06-10 14:56:34,1,"[{""x1"": 105, ""y1"": 108, ""x2"": 269, ""y2"": 239, ""confidence"": 0.857}]",320,240
2026-06-10 14:56:35,1,"[{""x1"": 103, ""y1"": 108, ""x2"": 268, ""y2"": 239, ""confidence"": 0.86}]",320,240
2026-06-10 14:56:35,1,"[{""x1"": 108, ""y1"": 108, ""x2"": 269, ""y2"": 239, ""confidence"": 0.816}]",320,240
2026-06-10 14:56:35,1,"[{""x1"": 103, ""y1"": 108, ""x2"": 269, ""y2"": 239, ""confidence"": 0.806}]",320,240
2026-06-10 14:56:35,1,"[{""x1"": 105, ""y1"": 108, ""x2"": 270, ""y2"": 239, ""confidence"": 0.846}]",320,240
2026-06-10 14:56:37,1,"[{""x1"": 105, ""y1"": 107, ""x2"": 268, ""y2"": 239, ""confidence"": 0.82}]",320,240
2026-06-10 14:56:37,1,"[{""x1"": 105, ""y1"": 107, ""x2"": 269, ""y2"": 239, ""confidence"": 0.846}]",320,240
2026-06-10 14:56:37,1,"[{""x1"": 105, ""y1"": 108, ""x2"": 268, ""y2"": 239, ""confidence"": 0.85}]",320,240
2026-06-10 14:56:37,1,"[{""x1"": 101, ""y1"": 109, ""x2"": 269, ""y2"": 239, ""confidence"": 0.873}]",320,240
2026-06-10 14:56:37,1,"[{""x1"": 107, ""y1"": 107, ""x2"": 268, ""y2"": 239, ""confidence"": 0.84}]",320,240
2026-06-10 14:56:37,1,"[{""x1"": 103, ""y1"": 108, ""x2"": 269, ""y2"": 239, ""confidence"": 0.837}]",320,240
2026-06-10 14:56:38,1,"[{""x1"": 107, ""y1"": 110, ""x2"": 267, ""y2"": 239, ""confidence"": 0.886}]",320,240
2026-06-10 14:56:38,1,"[{""x1"": 107, ""y1"": 108, ""x2"": 268, ""y2"": 239, ""confidence"": 0.847}]",320,240
2026-06-10 14:56:38,1,"[{""x1"": 106, ""y1"": 109, ""x2"": 268, ""y2"": 239, ""confidence"": 0.842}]",320,240
2026-06-10 14:56:38,1,"[{""x1"": 107, ""y1"": 108, ""x2"": 268, ""y2"": 239, ""confidence"": 0.847}]",320,240
2026-06-10 14:56:38,1,"[{""x1"": 105, ""y1"": 108, ""x2"": 267, ""y2"": 239, ""confidence"": 0.869}]",320,240
2026-06-10 14:56:38,1,"[{""x1"": 106, ""y1"": 109, ""x2"": 268, ""y2"": 239, ""confidence"": 0.854}]",320,240
2026-06-10 14:56:38,1,"[{""x1"": 105, ""y1"": 108, ""x2"": 270, ""y2"": 239, ""confidence"": 0.836}]",320,240
2026-06-10 14:56:39,1,"[{""x1"": 103, ""y1"": 109, ""x2"": 268, ""y2"": 239, ""confidence"": 0.862}]",320,240
2026-06-10 14:56:39,1,"[{""x1"": 106, ""y1"": 109, ""x2"": 270, ""y2"": 239, ""confidence"": 0.86}]",320,240
2026-06-10 14:56:39,1,"[{""x1"": 103, ""y1"": 97, ""x2"": 266, ""y2"": 239, ""confidence"": 0.793}]",320,240
2026-06-10 14:56:39,1,"[{""x1"": 106, ""y1"": 107, ""x2"": 268, ""y2"": 239, ""confidence"": 0.847}]",320,240
2026-06-10 14:56:39,1,"[{""x1"": 106, ""y1"": 109, ""x2"": 268, ""y2"": 239, ""confidence"": 0.842}]",320,240
2026-06-10 14:56:39,1,"[{""x1"": 106, ""y1"": 108, ""x2"": 268, ""y2"": 239, ""confidence"": 0.849}]",320,240
2026-06-10 14:56:39,1,"[{""x1"": 107, ""y1"": 109, ""x2"": 269, ""y2"": 239, ""confidence"": 0.887}]",320,240
2026-06-10 14:56:40,1,"[{""x1"": 100, ""y1"": 109, ""x2"": 270, ""y2"": 239, ""confidence"": 0.832}]",320,240
2026-06-10 14:56:40,1,"[{""x1"": 105, ""y1"": 108, ""x2"": 268, ""y2"": 239, ""confidence"": 0.846}]",320,240
2026-06-10 14:56:40,1,"[{""x1"": 107, ""y1"": 107, ""x2"": 267, ""y2"": 239, ""confidence"": 0.786}]",320,240
2026-06-10 14:56:40,1,"[{""x1"": 97, ""y1"": 109, ""x2"": 271, ""y2"": 239, ""confidence"": 0.818}]",320,240
2026-06-10 14:56:40,1,"[{""x1"": 106, ""y1"": 110, ""x2"": 267, ""y2"": 239, ""confidence"": 0.867}]",320,240
2026-06-10 14:56:40,1,"[{""x1"": 105, ""y1"": 109, ""x2"": 268, ""y2"": 239, ""confidence"": 0.861}]",320,240
2026-06-10 14:56:40,1,"[{""x1"": 104, ""y1"": 107, ""x2"": 269, ""y2"": 239, ""confidence"": 0.828}]",320,240
2026-06-10 14:56:41,1,"[{""x1"": 104, ""y1"": 109, ""x2"": 269, ""y2"": 239, ""confidence"": 0.832}]",320,240
2026-06-10 14:56:41,1,"[{""x1"": 105, ""y1"": 109, ""x2"": 269, ""y2"": 239, ""confidence"": 0.866}]",320,240
2026-06-10 14:56:41,1,"[{""x1"": 104, ""y1"": 108, ""x2"": 270, ""y2"": 239, ""confidence"": 0.799}]",320,240
2026-06-10 14:56:41,1,"[{""x1"": 102, ""y1"": 106, ""x2"": 269, ""y2"": 239, ""confidence"": 0.802}]",320,240
2026-06-10 14:56:41,1,"[{""x1"": 104, ""y1"": 108, ""x2"": 268, ""y2"": 239, ""confidence"": 0.864}]",320,240
2026-06-10 14:56:41,1,"[{""x1"": 104, ""y1"": 108, ""x2"": 269, ""y2"": 239, ""confidence"": 0.851}]",320,240
2026-06-10 14:56:42,1,"[{""x1"": 105, ""y1"": 109, ""x2"": 269, ""y2"": 239, ""confidence"": 0.831}]",320,240
2026-06-10 14:56:42,1,"[{""x1"": 102, ""y1"": 108, ""x2"": 268, ""y2"": 239, ""confidence"": 0.82}]",320,240
2026-06-10 14:56:42,1,"[{""x1"": 106, ""y1"": 109, ""x2"": 268, ""y2"": 239, ""confidence"": 0.838}]",320,240
2026-06-10 14:56:42,1,"[{""x1"": 106, ""y1"": 107, ""x2"": 268, ""y2"": 239, ""confidence"": 0.831}]",320,240
2026-06-10 14:56:42,1,"[{""x1"": 103, ""y1"": 110, ""x2"": 269, ""y2"": 239, ""confidence"": 0.844}]",320,240
2026-06-10 14:56:42,1,"[{""x1"": 109, ""y1"": 109, ""x2"": 268, ""y2"": 239, ""confidence"": 0.847}]",320,240
2026-06-10 14:56:42,1,"[{""x1"": 108, ""y1"": 109, ""x2"": 269, ""y2"": 239, ""confidence"": 0.835}]",320,240
2026-06-10 14:56:42,1,"[{""x1"": 106, ""y1"": 107, ""x2"": 269, ""y2"": 239, ""confidence"": 0.835}]",320,240
2026-06-10 14:56:43,1,"[{""x1"": 107, ""y1"": 109, ""x2"": 269, ""y2"": 239, ""confidence"": 0.849}]",320,240
2026-06-10 14:56:43,1,"[{""x1"": 105, ""y1"": 110, ""x2"": 268, ""y2"": 239, ""confidence"": 0.877}]",320,240
2026-06-10 14:56:43,1,"[{""x1"": 100, ""y1"": 108, ""x2"": 270, ""y2"": 239, ""confidence"": 0.803}]",320,240
2026-06-10 14:56:43,1,"[{""x1"": 107, ""y1"": 108, ""x2"": 268, ""y2"": 239, ""confidence"": 0.831}]",320,240
2026-06-10 14:56:43,1,"[{""x1"": 105, ""y1"": 108, ""x2"": 268, ""y2"": 239, ""confidence"": 0.825}]",320,240
2026-06-10 14:56:43,1,"[{""x1"": 103, ""y1"": 109, ""x2"": 269, ""y2"": 239, ""confidence"": 0.833}]",320,240
2026-06-10 14:56:43,1,"[{""x1"": 102, ""y1"": 107, ""x2"": 270, ""y2"": 239, ""confidence"": 0.837}]",320,240
2026-06-10 14:56:44,1,"[{""x1"": 106, ""y1"": 109, ""x2"": 272, ""y2"": 239, ""confidence"": 0.781}]",320,240
2026-06-10 14:56:44,1,"[{""x1"": 106, ""y1"": 109, ""x2"": 272, ""y2"": 239, ""confidence"": 0.781}]",320,240
2026-06-10 14:56:44,1,"[{""x1"": 105, ""y1"": 108, ""x2"": 268, ""y2"": 239, ""confidence"": 0.84}]",320,240
2026-06-10 14:56:44,1,"[{""x1"": 105, ""y1"": 108, ""x2"": 270, ""y2"": 239, ""confidence"": 0.808}]",320,240
2026-06-10 14:56:44,1,"[{""x1"": 107, ""y1"": 108, ""x2"": 270, ""y2"": 239, ""confidence"": 0.831}]",320,240
2026-06-10 14:56:44,1,"[{""x1"": 105, ""y1"": 109, ""x2"": 268, ""y2"": 239, ""confidence"": 0.833}]",320,240
2026-06-10 14:56:45,1,"[{""x1"": 108, ""y1"": 108, ""x2"": 270, ""y2"": 239, ""confidence"": 0.795}]",320,240
2026-06-10 14:56:45,1,"[{""x1"": 102, ""y1"": 108, ""x2"": 268, ""y2"": 239, ""confidence"": 0.823}]",320,240
2026-06-10 14:56:45,1,"[{""x1"": 101, ""y1"": 108, ""x2"": 269, ""y2"": 239, ""confidence"": 0.838}]",320,240
2026-06-10 14:56:45,1,"[{""x1"": 103, ""y1"": 108, ""x2"": 268, ""y2"": 239, ""confidence"": 0.841}]",320,240
2026-06-10 14:56:45,1,"[{""x1"": 106, ""y1"": 110, ""x2"": 270, ""y2"": 239, ""confidence"": 0.826}]",320,240
2026-06-10 14:56:45,1,"[{""x1"": 103, ""y1"": 108, ""x2"": 269, ""y2"": 239, ""confidence"": 0.823}]",320,240
2026-06-10 14:56:46,1,"[{""x1"": 109, ""y1"": 106, ""x2"": 269, ""y2"": 239, ""confidence"": 0.802}]",320,240
2026-06-10 14:56:46,1,"[{""x1"": 107, ""y1"": 109, ""x2"": 269, ""y2"": 239, ""confidence"": 0.877}]",320,240
2026-06-10 14:56:46,1,"[{""x1"": 104, ""y1"": 109, ""x2"": 268, ""y2"": 239, ""confidence"": 0.812}]",320,240
2026-06-10 14:56:46,1,"[{""x1"": 105, ""y1"": 109, ""x2"": 268, ""y2"": 239, ""confidence"": 0.859}]",320,240
2026-06-10 14:56:46,1,"[{""x1"": 106, ""y1"": 109, ""x2"": 268, ""y2"": 239, ""confidence"": 0.863}]",320,240
2026-06-10 14:56:46,1,"[{""x1"": 102, ""y1"": 109, ""x2"": 268, ""y2"": 239, ""confidence"": 0.82}]",320,240
2026-06-10 14:56:46,1,"[{""x1"": 107, ""y1"": 109, ""x2"": 270, ""y2"": 239, ""confidence"": 0.851}]",320,240
2026-06-10 14:56:46,1,"[{""x1"": 99, ""y1"": 109, ""x2"": 268, ""y2"": 239, ""confidence"": 0.838}]",320,240
2026-06-10 14:56:47,1,"[{""x1"": 103, ""y1"": 107, ""x2"": 269, ""y2"": 239, ""confidence"": 0.802}]",320,240
2026-06-10 14:56:47,1,"[{""x1"": 104, ""y1"": 110, ""x2"": 269, ""y2"": 239, ""confidence"": 0.84}]",320,240
2026-06-10 14:56:47,1,"[{""x1"": 105, ""y1"": 107, ""x2"": 268, ""y2"": 239, ""confidence"": 0.814}]",320,240
2026-06-10 14:56:47,1,"[{""x1"": 103, ""y1"": 109, ""x2"": 268, ""y2"": 239, ""confidence"": 0.867}]",320,240
2026-06-10 14:56:47,1,"[{""x1"": 106, ""y1"": 97, ""x2"": 270, ""y2"": 239, ""confidence"": 0.752}]",320,240
2026-06-10 14:56:47,1,"[{""x1"": 102, ""y1"": 108, ""x2"": 269, ""y2"": 239, ""confidence"": 0.84}]",320,240
2026-06-10 14:56:47,1,"[{""x1"": 98, ""y1"": 109, ""x2"": 270, ""y2"": 239, ""confidence"": 0.802}]",320,240
2026-06-10 14:56:47,1,"[{""x1"": 102, ""y1"": 108, ""x2"": 268, ""y2"": 239, ""confidence"": 0.847}]",320,240
2026-06-10 14:56:47,1,"[{""x1"": 103, ""y1"": 109, ""x2"": 269, ""y2"": 239, ""confidence"": 0.818}]",320,240
2026-06-10 14:56:48,1,"[{""x1"": 98, ""y1"": 109, ""x2"": 268, ""y2"": 239, ""confidence"": 0.836}]",320,240
2026-06-10 14:56:48,1,"[{""x1"": 106, ""y1"": 108, ""x2"": 272, ""y2"": 239, ""confidence"": 0.838}]",320,240
2026-06-10 14:56:48,1,"[{""x1"": 107, ""y1"": 103, ""x2"": 267, ""y2"": 239, ""confidence"": 0.84}]",320,240
2026-06-10 14:56:48,1,"[{""x1"": 103, ""y1"": 109, ""x2"": 268, ""y2"": 239, ""confidence"": 0.809}]",320,240
2026-06-10 14:56:48,1,"[{""x1"": 103, ""y1"": 107, ""x2"": 272, ""y2"": 239, ""confidence"": 0.778}]",320,240
2026-06-10 14:56:48,1,"[{""x1"": 101, ""y1"": 107, ""x2"": 268, ""y2"": 239, ""confidence"": 0.817}]",320,240
2026-06-10 14:56:48,1,"[{""x1"": 108, ""y1"": 109, ""x2"": 269, ""y2"": 239, ""confidence"": 0.866}]",320,240
2026-06-10 14:56:48,1,"[{""x1"": 104, ""y1"": 109, ""x2"": 270, ""y2"": 239, ""confidence"": 0.857}]",320,240
2026-06-10 14:56:49,1,"[{""x1"": 107, ""y1"": 109, ""x2"": 268, ""y2"": 239, ""confidence"": 0.867}]",320,240
2026-06-10 14:56:49,1,"[{""x1"": 99, ""y1"": 109, ""x2"": 269, ""y2"": 239, ""confidence"": 0.786}]",320,240
2026-06-10 14:56:49,1,"[{""x1"": 107, ""y1"": 109, ""x2"": 268, ""y2"": 239, ""confidence"": 0.867}]",320,240
2026-06-10 14:56:49,1,"[{""x1"": 107, ""y1"": 108, ""x2"": 269, ""y2"": 239, ""confidence"": 0.829}]",320,240
2026-06-10 14:56:49,1,"[{""x1"": 104, ""y1"": 109, ""x2"": 270, ""y2"": 239, ""confidence"": 0.816}]",320,240
2026-06-10 14:56:49,1,"[{""x1"": 106, ""y1"": 109, ""x2"": 270, ""y2"": 239, ""confidence"": 0.821}]",320,240
2026-06-10 14:56:50,1,"[{""x1"": 101, ""y1"": 108, ""x2"": 268, ""y2"": 239, ""confidence"": 0.821}]",320,240
2026-06-10 14:56:50,2,"[{""x1"": 106, ""y1"": 109, ""x2"": 269, ""y2"": 239, ""confidence"": 0.864}, {""x1"": 113, ""y1"": 136, ""x2"": 155, ""y2"": 211, ""confidence"": 0.284}]",320,240
2026-06-10 14:56:50,1,"[{""x1"": 106, ""y1"": 108, ""x2"": 268, ""y2"": 239, ""confidence"": 0.802}]",320,240
2026-06-10 14:56:50,1,"[{""x1"": 107, ""y1"": 109, ""x2"": 268, ""y2"": 239, ""confidence"": 0.83}]",320,240
2026-06-10 14:56:50,1,"[{""x1"": 100, ""y1"": 109, ""x2"": 269, ""y2"": 239, ""confidence"": 0.788}]",320,240
2026-06-10 14:56:50,1,"[{""x1"": 104, ""y1"": 110, ""x2"": 268, ""y2"": 239, ""confidence"": 0.859}]",320,240
2026-06-10 14:56:50,1,"[{""x1"": 103, ""y1"": 109, ""x2"": 270, ""y2"": 239, ""confidence"": 0.756}]",320,240
2026-06-10 14:56:51,1,"[{""x1"": 106, ""y1"": 108, ""x2"": 268, ""y2"": 239, ""confidence"": 0.854}]",320,240
2026-06-10 14:56:51,1,"[{""x1"": 106, ""y1"": 108, ""x2"": 270, ""y2"": 239, ""confidence"": 0.831}]",320,240
2026-06-10 14:56:51,1,"[{""x1"": 108, ""y1"": 108, ""x2"": 268, ""y2"": 239, ""confidence"": 0.848}]",320,240
2026-06-10 14:56:51,1,"[{""x1"": 104, ""y1"": 109, ""x2"": 269, ""y2"": 239, ""confidence"": 0.853}]",320,240
2026-06-10 14:56:51,1,"[{""x1"": 107, ""y1"": 110, ""x2"": 268, ""y2"": 239, ""confidence"": 0.893}]",320,240
2026-06-10 14:56:51,1,"[{""x1"": 100, ""y1"": 110, ""x2"": 271, ""y2"": 239, ""confidence"": 0.853}]",320,240
2026-06-10 14:56:51,1,"[{""x1"": 106, ""y1"": 107, ""x2"": 268, ""y2"": 239, ""confidence"": 0.841}]",320,240
2026-06-10 14:56:51,1,"[{""x1"": 104, ""y1"": 98, ""x2"": 268, ""y2"": 239, ""confidence"": 0.79}]",320,240
2026-06-10 14:56:51,1,"[{""x1"": 106, ""y1"": 108, ""x2"": 268, ""y2"": 239, ""confidence"": 0.854}]",320,240
2026-06-10 14:56:52,1,"[{""x1"": 102, ""y1"": 109, ""x2"": 268, ""y2"": 239, ""confidence"": 0.838}]",320,240
2026-06-10 14:56:52,1,"[{""x1"": 98, ""y1"": 108, ""x2"": 269, ""y2"": 239, ""confidence"": 0.805}]",320,240
2026-06-10 14:56:52,1,"[{""x1"": 107, ""y1"": 109, ""x2"": 268, ""y2"": 239, ""confidence"": 0.844}]",320,240
2026-06-10 14:56:52,1,"[{""x1"": 107, ""y1"": 109, ""x2"": 269, ""y2"": 239, ""confidence"": 0.87}]",320,240
2026-06-10 14:56:52,1,"[{""x1"": 104, ""y1"": 108, ""x2"": 269, ""y2"": 239, ""confidence"": 0.814}]",320,240
2026-06-10 14:56:52,1,"[{""x1"": 107, ""y1"": 110, ""x2"": 268, ""y2"": 239, ""confidence"": 0.84}]",320,240
2026-06-10 14:56:52,1,"[{""x1"": 102, ""y1"": 109, ""x2"": 268, ""y2"": 239, ""confidence"": 0.842}]",320,240
2026-06-10 14:56:52,1,"[{""x1"": 101, ""y1"": 108, ""x2"": 268, ""y2"": 239, ""confidence"": 0.838}]",320,240
2026-06-10 14:56:53,1,"[{""x1"": 106, ""y1"": 108, ""x2"": 270, ""y2"": 239, ""confidence"": 0.785}]",320,240
2026-06-10 14:56:53,1,"[{""x1"": 99, ""y1"": 109, ""x2"": 269, ""y2"": 239, ""confidence"": 0.82}]",320,240
2026-06-10 14:56:53,1,"[{""x1"": 108, ""y1"": 109, ""x2"": 269, ""y2"": 239, ""confidence"": 0.851}]",320,240
2026-06-10 14:56:53,1,"[{""x1"": 101, ""y1"": 107, ""x2"": 268, ""y2"": 239, ""confidence"": 0.836}]",320,240
2026-06-10 14:56:53,1,"[{""x1"": 105, ""y1"": 109, ""x2"": 268, ""y2"": 239, ""confidence"": 0.832}]",320,240
2026-06-10 14:56:53,1,"[{""x1"": 106, ""y1"": 107, ""x2"": 267, ""y2"": 239, ""confidence"": 0.81}]",320,240
2026-06-10 14:56:53,1,"[{""x1"": 101, ""y1"": 109, ""x2"": 268, ""y2"": 239, ""confidence"": 0.824}]",320,240
2026-06-10 14:56:54,1,"[{""x1"": 104, ""y1"": 109, ""x2"": 269, ""y2"": 239, ""confidence"": 0.833}]",320,240
2026-06-10 14:56:54,1,"[{""x1"": 109, ""y1"": 108, ""x2"": 269, ""y2"": 239, ""confidence"": 0.852}]",320,240
2026-06-10 14:56:54,1,"[{""x1"": 108, ""y1"": 110, ""x2"": 268, ""y2"": 239, ""confidence"": 0.843}]",320,240
2026-06-10 14:56:54,1,"[{""x1"": 103, ""y1"": 109, ""x2"": 270, ""y2"": 239, ""confidence"": 0.772}]",320,240
2026-06-10 14:56:54,1,"[{""x1"": 95, ""y1"": 105, ""x2"": 270, ""y2"": 239, ""confidence"": 0.81}]",320,240
2026-06-10 14:56:54,1,"[{""x1"": 103, ""y1"": 108, ""x2"": 270, ""y2"": 239, ""confidence"": 0.836}]",320,240
2026-06-10 14:56:54,1,"[{""x1"": 97, ""y1"": 108, ""x2"": 270, ""y2"": 239, ""confidence"": 0.846}]",320,240
2026-06-10 14:56:54,1,"[{""x1"": 105, ""y1"": 109, ""x2"": 268, ""y2"": 239, ""confidence"": 0.831}]",320,240
2026-06-10 14:56:55,1,"[{""x1"": 108, ""y1"": 108, ""x2"": 268, ""y2"": 239, ""confidence"": 0.831}]",320,240
2026-06-10 14:56:55,1,"[{""x1"": 100, ""y1"": 108, ""x2"": 270, ""y2"": 239, ""confidence"": 0.794}]",320,240
2026-06-10 14:56:55,1,"[{""x1"": 106, ""y1"": 108, ""x2"": 269, ""y2"": 239, ""confidence"": 0.801}]",320,240
2026-06-10 14:56:55,1,"[{""x1"": 109, ""y1"": 109, ""x2"": 268, ""y2"": 239, ""confidence"": 0.853}]",320,240
2026-06-10 14:56:55,1,"[{""x1"": 105, ""y1"": 108, ""x2"": 269, ""y2"": 239, ""confidence"": 0.832}]",320,240
2026-06-10 14:56:55,1,"[{""x1"": 107, ""y1"": 108, ""x2"": 270, ""y2"": 239, ""confidence"": 0.807}]",320,240
2026-06-10 14:56:55,1,"[{""x1"": 99, ""y1"": 108, ""x2"": 268, ""y2"": 239, ""confidence"": 0.804}]",320,240
2026-06-10 14:56:55,1,"[{""x1"": 104, ""y1"": 109, ""x2"": 269, ""y2"": 239, ""confidence"": 0.824}]",320,240
2026-06-10 14:56:55,1,"[{""x1"": 107, ""y1"": 108, ""x2"": 269, ""y2"": 239, ""confidence"": 0.874}]",320,240
2026-06-10 14:56:56,1,"[{""x1"": 102, ""y1"": 109, ""x2"": 268, ""y2"": 239, ""confidence"": 0.867}]",320,240
2026-06-10 14:56:56,1,"[{""x1"": 108, ""y1"": 109, ""x2"": 268, ""y2"": 239, ""confidence"": 0.882}]",320,240
2026-06-10 14:56:56,1,"[{""x1"": 103, ""y1"": 108, ""x2"": 269, ""y2"": 239, ""confidence"": 0.802}]",320,240
2026-06-10 14:56:56,1,"[{""x1"": 109, ""y1"": 109, ""x2"": 268, ""y2"": 239, ""confidence"": 0.837}]",320,240
2026-06-10 14:56:56,1,"[{""x1"": 105, ""y1"": 109, ""x2"": 268, ""y2"": 239, ""confidence"": 0.838}]",320,240
2026-06-10 14:56:56,1,"[{""x1"": 105, ""y1"": 107, ""x2"": 269, ""y2"": 239, ""confidence"": 0.789}]",320,240
2026-06-10 14:56:56,1,"[{""x1"": 106, ""y1"": 108, ""x2"": 269, ""y2"": 239, ""confidence"": 0.764}]",320,240
2026-06-10 14:56:56,1,"[{""x1"": 105, ""y1"": 109, ""x2"": 270, ""y2"": 239, ""confidence"": 0.854}]",320,240
2026-06-10 14:56:56,1,"[{""x1"": 104, ""y1"": 108, ""x2"": 268, ""y2"": 239, ""confidence"": 0.819}]",320,240
2026-06-10 14:56:57,1,"[{""x1"": 104, ""y1"": 109, ""x2"": 269, ""y2"": 239, ""confidence"": 0.84}]",320,240
2026-06-10 14:56:57,1,"[{""x1"": 98, ""y1"": 108, ""x2"": 271, ""y2"": 239, ""confidence"": 0.822}]",320,240
2026-06-10 14:56:57,1,"[{""x1"": 105, ""y1"": 109, ""x2"": 269, ""y2"": 239, ""confidence"": 0.882}]",320,240
2026-06-10 14:56:57,1,"[{""x1"": 96, ""y1"": 108, ""x2"": 268, ""y2"": 239, ""confidence"": 0.822}]",320,240
2026-06-10 14:56:57,1,"[{""x1"": 106, ""y1"": 108, ""x2"": 271, ""y2"": 239, ""confidence"": 0.827}]",320,240
2026-06-10 14:56:57,1,"[{""x1"": 109, ""y1"": 107, ""x2"": 270, ""y2"": 239, ""confidence"": 0.819}]",320,240
2026-06-10 14:56:57,1,"[{""x1"": 106, ""y1"": 108, ""x2"": 269, ""y2"": 239, ""confidence"": 0.825}]",320,240
2026-06-10 14:56:57,1,"[{""x1"": 109, ""y1"": 109, ""x2"": 270, ""y2"": 239, ""confidence"": 0.879}]",320,240
2026-06-10 14:56:57,1,"[{""x1"": 100, ""y1"": 108, ""x2"": 269, ""y2"": 239, ""confidence"": 0.806}]",320,240
2026-06-10 14:56:58,1,"[{""x1"": 108, ""y1"": 106, ""x2"": 269, ""y2"": 239, ""confidence"": 0.767}]",320,240
2026-06-10 14:56:58,1,"[{""x1"": 106, ""y1"": 108, ""x2"": 269, ""y2"": 239, ""confidence"": 0.836}]",320,240
2026-06-10 14:56:58,1,"[{""x1"": 102, ""y1"": 109, ""x2"": 268, ""y2"": 239, ""confidence"": 0.863}]",320,240
2026-06-10 14:56:58,1,"[{""x1"": 108, ""y1"": 108, ""x2"": 269, ""y2"": 239, ""confidence"": 0.819}]",320,240
2026-06-10 14:56:58,1,"[{""x1"": 106, ""y1"": 109, ""x2"": 268, ""y2"": 239, ""confidence"": 0.846}]",320,240
2026-06-10 14:56:58,1,"[{""x1"": 108, ""y1"": 109, ""x2"": 270, ""y2"": 239, ""confidence"": 0.836}]",320,240
2026-06-10 14:56:58,1,"[{""x1"": 107, ""y1"": 95, ""x2"": 267, ""y2"": 239, ""confidence"": 0.791}]",320,240
2026-06-10 14:56:58,1,"[{""x1"": 108, ""y1"": 109, ""x2"": 269, ""y2"": 239, ""confidence"": 0.866}]",320,240
2026-06-10 14:56:58,1,"[{""x1"": 103, ""y1"": 110, ""x2"": 269, ""y2"": 239, ""confidence"": 0.861}]",320,240
2026-06-10 14:56:59,1,"[{""x1"": 107, ""y1"": 109, ""x2"": 269, ""y2"": 239, ""confidence"": 0.84}]",320,240
2026-06-10 14:56:59,1,"[{""x1"": 100, ""y1"": 110, ""x2"": 266, ""y2"": 239, ""confidence"": 0.828}]",320,240
2026-06-10 14:56:59,1,"[{""x1"": 101, ""y1"": 97, ""x2"": 269, ""y2"": 239, ""confidence"": 0.828}]",320,240
2026-06-10 14:56:59,1,"[{""x1"": 98, ""y1"": 108, ""x2"": 270, ""y2"": 239, ""confidence"": 0.807}]",320,240
2026-06-10 14:56:59,1,"[{""x1"": 105, ""y1"": 108, ""x2"": 268, ""y2"": 239, ""confidence"": 0.844}]",320,240
2026-06-10 14:56:59,1,"[{""x1"": 104, ""y1"": 109, ""x2"": 268, ""y2"": 239, ""confidence"": 0.83}]",320,240
2026-06-10 14:56:59,1,"[{""x1"": 107, ""y1"": 109, ""x2"": 268, ""y2"": 239, ""confidence"": 0.809}]",320,240
2026-06-10 14:56:59,1,"[{""x1"": 105, ""y1"": 108, ""x2"": 269, ""y2"": 239, ""confidence"": 0.837}]",320,240
2026-06-10 14:56:59,1,"[{""x1"": 107, ""y1"": 108, ""x2"": 268, ""y2"": 239, ""confidence"": 0.843}]",320,240
2026-06-10 14:57:00,1,"[{""x1"": 108, ""y1"": 109, ""x2"": 269, ""y2"": 239, ""confidence"": 0.861}]",320,240
2026-06-10 14:57:00,1,"[{""x1"": 98, ""y1"": 107, ""x2"": 268, ""y2"": 239, ""confidence"": 0.799}]",320,240
2026-06-10 14:57:00,1,"[{""x1"": 106, ""y1"": 107, ""x2"": 269, ""y2"": 239, ""confidence"": 0.823}]",320,240
2026-06-10 14:57:00,1,"[{""x1"": 105, ""y1"": 110, ""x2"": 269, ""y2"": 239, ""confidence"": 0.866}]",320,240
2026-06-10 14:57:00,1,"[{""x1"": 103, ""y1"": 108, ""x2"": 267, ""y2"": 239, ""confidence"": 0.829}]",320,240
2026-06-10 14:57:00,1,"[{""x1"": 102, ""y1"": 110, ""x2"": 268, ""y2"": 239, ""confidence"": 0.825}]",320,240
2026-06-10 14:57:00,1,"[{""x1"": 99, ""y1"": 108, ""x2"": 269, ""y2"": 239, ""confidence"": 0.765}]",320,240
2026-06-10 14:57:00,1,"[{""x1"": 107, ""y1"": 109, ""x2"": 269, ""y2"": 239, ""confidence"": 0.856}]",320,240
2026-06-10 14:57:00,1,"[{""x1"": 99, ""y1"": 109, ""x2"": 267, ""y2"": 239, ""confidence"": 0.838}]",320,240
2026-06-10 14:57:01,1,"[{""x1"": 106, ""y1"": 108, ""x2"": 269, ""y2"": 239, ""confidence"": 0.832}]",320,240
2026-06-10 14:57:01,1,"[{""x1"": 107, ""y1"": 109, ""x2"": 269, ""y2"": 239, ""confidence"": 0.862}]",320,240
2026-06-10 14:57:01,1,"[{""x1"": 108, ""y1"": 108, ""x2"": 270, ""y2"": 239, ""confidence"": 0.835}]",320,240
2026-06-10 14:57:01,1,"[{""x1"": 105, ""y1"": 108, ""x2"": 268, ""y2"": 239, ""confidence"": 0.861}]",320,240
2026-06-10 14:57:01,1,"[{""x1"": 107, ""y1"": 109, ""x2"": 268, ""y2"": 239, ""confidence"": 0.83}]",320,240
2026-06-10 14:57:01,1,"[{""x1"": 107, ""y1"": 110, ""x2"": 272, ""y2"": 239, ""confidence"": 0.867}]",320,240
2026-06-10 14:57:01,1,"[{""x1"": 98, ""y1"": 109, ""x2"": 269, ""y2"": 239, ""confidence"": 0.849}]",320,240
2026-06-10 14:57:01,1,"[{""x1"": 107, ""y1"": 108, ""x2"": 268, ""y2"": 239, ""confidence"": 0.838}]",320,240
2026-06-10 14:57:01,1,"[{""x1"": 105, ""y1"": 108, ""x2"": 271, ""y2"": 239, ""confidence"": 0.814}]",320,240
2026-06-10 14:57:01,1,"[{""x1"": 99, ""y1"": 108, ""x2"": 270, ""y2"": 239, ""confidence"": 0.803}]",320,240
2026-06-10 14:57:02,1,"[{""x1"": 104, ""y1"": 106, ""x2"": 270, ""y2"": 239, ""confidence"": 0.773}]",320,240
2026-06-10 14:57:02,1,"[{""x1"": 107, ""y1"": 107, ""x2"": 270, ""y2"": 239, ""confidence"": 0.818}]",320,240
2026-06-10 14:57:02,1,"[{""x1"": 103, ""y1"": 107, ""x2"": 269, ""y2"": 239, ""confidence"": 0.804}]",320,240
2026-06-10 14:57:02,1,"[{""x1"": 102, ""y1"": 109, ""x2"": 270, ""y2"": 239, ""confidence"": 0.829}]",320,240
2026-06-10 14:57:02,1,"[{""x1"": 102, ""y1"": 109, ""x2"": 269, ""y2"": 239, ""confidence"": 0.856}]",320,240
2026-06-10 14:57:02,1,"[{""x1"": 104, ""y1"": 108, ""x2"": 270, ""y2"": 239, ""confidence"": 0.834}]",320,240
2026-06-10 14:57:02,1,"[{""x1"": 106, ""y1"": 108, ""x2"": 270, ""y2"": 239, ""confidence"": 0.84}]",320,240
2026-06-10 14:57:02,1,"[{""x1"": 105, ""y1"": 108, ""x2"": 271, ""y2"": 239, ""confidence"": 0.779}]",320,240
2026-06-10 14:57:02,1,"[{""x1"": 106, ""y1"": 98, ""x2"": 270, ""y2"": 239, ""confidence"": 0.778}]",320,240
2026-06-10 14:57:02,1,"[{""x1"": 105, ""y1"": 107, ""x2"": 268, ""y2"": 239, ""confidence"": 0.816}]",320,240
2026-06-10 14:57:03,1,"[{""x1"": 106, ""y1"": 107, ""x2"": 270, ""y2"": 239, ""confidence"": 0.811}]",320,240
2026-06-10 14:57:03,1,"[{""x1"": 107, ""y1"": 108, ""x2"": 270, ""y2"": 239, ""confidence"": 0.834}]",320,240
2026-06-10 14:57:03,1,"[{""x1"": 107, ""y1"": 107, ""x2"": 269, ""y2"": 239, ""confidence"": 0.806}]",320,240
2026-06-10 14:57:03,1,"[{""x1"": 100, ""y1"": 108, ""x2"": 270, ""y2"": 239, ""confidence"": 0.807}]",320,240
2026-06-10 14:57:03,1,"[{""x1"": 104, ""y1"": 107, ""x2"": 269, ""y2"": 239, ""confidence"": 0.854}]",320,240
2026-06-10 14:57:03,1,"[{""x1"": 104, ""y1"": 108, ""x2"": 270, ""y2"": 239, ""confidence"": 0.83}]",320,240
2026-06-10 14:57:03,1,"[{""x1"": 105, ""y1"": 96, ""x2"": 269, ""y2"": 239, ""confidence"": 0.779}]",320,240
2026-06-10 15:11:12,2,"[{""x1"": 58, ""y1"": 113, ""x2"": 304, ""y2"": 239, ""confidence"": 0.644}, {""x1"": 126, ""y1"": 113, ""x2"": 286, ""y2"": 239, ""confidence"": 0.261}]",320,240
2026-06-10 15:11:13,1,"[{""x1"": 52, ""y1"": 114, ""x2"": 257, ""y2"": 239, ""confidence"": 0.519}]",320,240
2026-06-10 15:11:13,1,"[{""x1"": 64, ""y1"": 113, ""x2"": 314, ""y2"": 239, ""confidence"": 0.695}]",320,240
2026-06-10 15:11:13,1,"[{""x1"": 60, ""y1"": 112, ""x2"": 310, ""y2"": 239, ""confidence"": 0.651}]",320,240
2026-06-10 15:11:13,1,"[{""x1"": 60, ""y1"": 112, ""x2"": 310, ""y2"": 239, ""confidence"": 0.651}]",320,240
2026-06-10 15:11:13,1,"[{""x1"": 52, ""y1"": 114, ""x2"": 257, ""y2"": 239, ""confidence"": 0.519}]",320,240
2026-06-10 15:11:14,1,"[{""x1"": 56, ""y1"": 113, ""x2"": 314, ""y2"": 239, ""confidence"": 0.641}]",320,240
2026-06-10 15:11:14,1,"[{""x1"": 55, ""y1"": 113, ""x2"": 315, ""y2"": 239, ""confidence"": 0.671}]",320,240
2026-06-10 15:11:14,2,"[{""x1"": 57, ""y1"": 113, ""x2"": 309, ""y2"": 239, ""confidence"": 0.637}, {""x1"": 135, ""y1"": 113, ""x2"": 312, ""y2"": 239, ""confidence"": 0.292}]",320,240
2026-06-10 15:11:14,1,"[{""x1"": 55, ""y1"": 113, ""x2"": 313, ""y2"": 239, ""confidence"": 0.716}]",320,240
2026-06-10 15:11:14,1,"[{""x1"": 56, ""y1"": 113, ""x2"": 314, ""y2"": 239, ""confidence"": 0.641}]",320,240
2026-06-10 15:11:14,1,"[{""x1"": 55, ""y1"": 113, ""x2"": 313, ""y2"": 239, ""confidence"": 0.716}]",320,240
2026-06-10 15:11:15,1,"[{""x1"": 53, ""y1"": 113, ""x2"": 313, ""y2"": 239, ""confidence"": 0.773}]",320,240
2026-06-10 15:11:15,1,"[{""x1"": 53, ""y1"": 113, ""x2"": 313, ""y2"": 239, ""confidence"": 0.773}]",320,240
2026-06-10 15:11:15,1,"[{""x1"": 57, ""y1"": 113, ""x2"": 316, ""y2"": 239, ""confidence"": 0.717}]",320,240
2026-06-10 15:11:15,1,"[{""x1"": 57, ""y1"": 113, ""x2"": 283, ""y2"": 239, ""confidence"": 0.624}]",320,240
2026-06-10 15:11:15,1,"[{""x1"": 62, ""y1"": 113, ""x2"": 313, ""y2"": 239, ""confidence"": 0.659}]",320,240
2026-06-10 15:11:16,2,"[{""x1"": 52, ""y1"": 114, ""x2"": 272, ""y2"": 239, ""confidence"": 0.464}, {""x1"": 111, ""y1"": 113, ""x2"": 317, ""y2"": 239, ""confidence"": 0.425}]",320,240
2026-06-10 15:11:16,1,"[{""x1"": 115, ""y1"": 113, ""x2"": 292, ""y2"": 239, ""confidence"": 0.391}]",320,240
2026-06-10 15:11:16,1,"[{""x1"": 54, ""y1"": 113, ""x2"": 309, ""y2"": 239, ""confidence"": 0.593}]",320,240
2026-06-10 15:11:16,2,"[{""x1"": 59, ""y1"": 112, ""x2"": 315, ""y2"": 239, ""confidence"": 0.714}, {""x1"": 115, ""y1"": 82, ""x2"": 317, ""y2"": 237, ""confidence"": 0.307}]",320,240
2026-06-10 15:11:16,1,"[{""x1"": 56, ""y1"": 113, ""x2"": 313, ""y2"": 239, ""confidence"": 0.734}]",320,240
2026-06-10 15:11:16,1,"[{""x1"": 54, ""y1"": 113, ""x2"": 309, ""y2"": 239, ""confidence"": 0.593}]",320,240
2026-06-10 15:11:16,2,"[{""x1"": 52, ""y1"": 114, ""x2"": 272, ""y2"": 239, ""confidence"": 0.464}, {""x1"": 111, ""y1"": 113, ""x2"": 317, ""y2"": 239, ""confidence"": 0.425}]",320,240
2026-06-10 15:11:17,2,"[{""x1"": 60, ""y1"": 113, ""x2"": 297, ""y2"": 239, ""confidence"": 0.44}, {""x1"": 132, ""y1"": 113, ""x2"": 312, ""y2"": 239, ""confidence"": 0.278}]",320,240
2026-06-10 15:11:17,1,"[{""x1"": 56, ""y1"": 113, ""x2"": 314, ""y2"": 239, ""confidence"": 0.673}]",320,240
2026-06-10 15:11:17,2,"[{""x1"": 56, ""y1"": 113, ""x2"": 314, ""y2"": 239, ""confidence"": 0.619}, {""x1"": 129, ""y1"": 113, ""x2"": 309, ""y2"": 239, ""confidence"": 0.25}]",320,240
2026-06-10 15:11:17,1,"[{""x1"": 56, ""y1"": 113, ""x2"": 314, ""y2"": 239, ""confidence"": 0.673}]",320,240
2026-06-10 15:11:18,1,"[{""x1"": 58, ""y1"": 113, ""x2"": 315, ""y2"": 239, ""confidence"": 0.595}]",320,240
2026-06-10 15:11:18,1,"[{""x1"": 58, ""y1"": 113, ""x2"": 315, ""y2"": 239, ""confidence"": 0.595}]",320,240
2026-06-10 15:11:18,2,"[{""x1"": 56, ""y1"": 113, ""x2"": 312, ""y2"": 239, ""confidence"": 0.701}, {""x1"": 120, ""y1"": 113, ""x2"": 298, ""y2"": 239, ""confidence"": 0.307}]",320,240
2026-06-10 15:11:18,2,"[{""x1"": 51, ""y1"": 113, ""x2"": 289, ""y2"": 239, ""confidence"": 0.556}, {""x1"": 115, ""y1"": 113, ""x2"": 315, ""y2"": 239, ""confidence"": 0.415}]",320,240
2026-06-10 15:11:18,2,"[{""x1"": 62, ""y1"": 113, ""x2"": 307, ""y2"": 239, ""confidence"": 0.509}, {""x1"": 117, ""y1"": 113, ""x2"": 272, ""y2"": 239, ""confidence"": 0.256}]",320,240
2026-06-10 15:11:18,2,"[{""x1"": 56, ""y1"": 113, ""x2"": 312, ""y2"": 239, ""confidence"": 0.701}, {""x1"": 120, ""y1"": 113, ""x2"": 298, ""y2"": 239, ""confidence"": 0.307}]",320,240
2026-06-10 15:11:19,2,"[{""x1"": 62, ""y1"": 113, ""x2"": 307, ""y2"": 239, ""confidence"": 0.509}, {""x1"": 117, ""y1"": 113, ""x2"": 272, ""y2"": 239, ""confidence"": 0.256}]",320,240
2026-06-10 15:11:19,1,"[{""x1"": 56, ""y1"": 113, ""x2"": 310, ""y2"": 239, ""confidence"": 0.736}]",320,240
2026-06-10 15:11:19,1,"[{""x1"": 113, ""y1"": 112, ""x2"": 310, ""y2"": 239, ""confidence"": 0.575}]",320,240
2026-06-10 15:11:19,1,"[{""x1"": 54, ""y1"": 112, ""x2"": 285, ""y2"": 239, ""confidence"": 0.567}]",320,240
2026-06-10 15:11:19,2,"[{""x1"": 53, ""y1"": 111, ""x2"": 304, ""y2"": 239, ""confidence"": 0.555}, {""x1"": 119, ""y1"": 112, ""x2"": 315, ""y2"": 239, ""confidence"": 0.334}]",320,240
2026-06-10 15:11:19,1,"[{""x1"": 56, ""y1"": 113, ""x2"": 310, ""y2"": 239, ""confidence"": 0.736}]",320,240
2026-06-10 15:11:20,1,"[{""x1"": 48, ""y1"": 112, ""x2"": 301, ""y2"": 239, ""confidence"": 0.685}]",320,240
2026-06-10 15:11:20,2,"[{""x1"": 48, ""y1"": 113, ""x2"": 276, ""y2"": 239, ""confidence"": 0.586}, {""x1"": 116, ""y1"": 112, ""x2"": 302, ""y2"": 239, ""confidence"": 0.284}]",320,240
2026-06-10 15:11:20,2,"[{""x1"": 47, ""y1"": 111, ""x2"": 296, ""y2"": 239, ""confidence"": 0.541}, {""x1"": 123, ""y1"": 111, ""x2"": 282, ""y2"": 239, ""confidence"": 0.261}]",320,240
2026-06-10 15:11:20,2,"[{""x1"": 53, ""y1"": 111, ""x2"": 304, ""y2"": 239, ""confidence"": 0.555}, {""x1"": 119, ""y1"": 112, ""x2"": 315, ""y2"": 239, ""confidence"": 0.334}]",320,240
2026-06-10 15:11:20,2,"[{""x1"": 47, ""y1"": 111, ""x2"": 296, ""y2"": 239, ""confidence"": 0.541}, {""x1"": 123, ""y1"": 111, ""x2"": 282, ""y2"": 239, ""confidence"": 0.261}]",320,240
2026-06-10 15:11:21,1,"[{""x1"": 22, ""y1"": 113, ""x2"": 251, ""y2"": 239, ""confidence"": 0.624}]",320,240
2026-06-10 15:11:21,1,"[{""x1"": 27, ""y1"": 113, ""x2"": 302, ""y2"": 239, ""confidence"": 0.707}]",320,240
2026-06-10 15:11:21,1,"[{""x1"": 22, ""y1"": 113, ""x2"": 251, ""y2"": 239, ""confidence"": 0.624}]",320,240
2026-06-10 15:11:21,2,"[{""x1"": 50, ""y1"": 112, ""x2"": 274, ""y2"": 239, ""confidence"": 0.645}, {""x1"": 124, ""y1"": 112, ""x2"": 306, ""y2"": 239, ""confidence"": 0.375}]",320,240
2026-06-10 15:11:21,1,"[{""x1"": 35, ""y1"": 113, ""x2"": 277, ""y2"": 239, ""confidence"": 0.684}]",320,240
2026-06-10 15:11:21,2,"[{""x1"": 50, ""y1"": 112, ""x2"": 274, ""y2"": 239, ""confidence"": 0.645}, {""x1"": 124, ""y1"": 112, ""x2"": 306, ""y2"": 239, ""confidence"": 0.375}]",320,240
2026-06-10 15:11:22,1,"[{""x1"": 96, ""y1"": 113, ""x2"": 273, ""y2"": 239, ""confidence"": 0.255}]",320,240
2026-06-10 15:11:22,1,"[{""x1"": 63, ""y1"": 113, ""x2"": 272, ""y2"": 239, ""confidence"": 0.654}]",320,240
2026-06-10 15:11:22,1,"[{""x1"": 12, ""y1"": 114, ""x2"": 274, ""y2"": 239, ""confidence"": 0.703}]",320,240
2026-06-10 15:11:22,1,"[{""x1"": 96, ""y1"": 113, ""x2"": 273, ""y2"": 239, ""confidence"": 0.255}]",320,240
2026-06-10 15:11:22,1,"[{""x1"": 30, ""y1"": 113, ""x2"": 255, ""y2"": 239, ""confidence"": 0.714}]",320,240
2026-06-10 15:11:22,1,"[{""x1"": 30, ""y1"": 113, ""x2"": 255, ""y2"": 239, ""confidence"": 0.714}]",320,240
2026-06-10 15:11:23,1,"[{""x1"": 107, ""y1"": 113, ""x2"": 311, ""y2"": 239, ""confidence"": 0.582}]",320,240
2026-06-10 15:11:24,1,"[{""x1"": 102, ""y1"": 113, ""x2"": 293, ""y2"": 239, ""confidence"": 0.808}]",320,240
2026-06-10 15:11:24,1,"[{""x1"": 100, ""y1"": 113, ""x2"": 294, ""y2"": 239, ""confidence"": 0.795}]",320,240
2026-06-10 15:11:24,1,"[{""x1"": 101, ""y1"": 112, ""x2"": 291, ""y2"": 239, ""confidence"": 0.845}]",320,240
2026-06-10 15:11:24,1,"[{""x1"": 100, ""y1"": 112, ""x2"": 286, ""y2"": 239, ""confidence"": 0.867}]",320,240
2026-06-10 15:11:24,1,"[{""x1"": 102, ""y1"": 113, ""x2"": 293, ""y2"": 239, ""confidence"": 0.808}]",320,240
2026-06-10 15:11:24,1,"[{""x1"": 100, ""y1"": 113, ""x2"": 294, ""y2"": 239, ""confidence"": 0.795}]",320,240
2026-06-10 15:11:25,1,"[{""x1"": 103, ""y1"": 112, ""x2"": 295, ""y2"": 239, ""confidence"": 0.85}]",320,240
2026-06-10 15:11:25,1,"[{""x1"": 101, ""y1"": 113, ""x2"": 294, ""y2"": 239, ""confidence"": 0.791}]",320,240
2026-06-10 15:11:25,1,"[{""x1"": 103, ""y1"": 112, ""x2"": 295, ""y2"": 239, ""confidence"": 0.85}]",320,240
2026-06-10 15:11:25,1,"[{""x1"": 104, ""y1"": 113, ""x2"": 293, ""y2"": 239, ""confidence"": 0.847}]",320,240
2026-06-10 15:11:25,1,"[{""x1"": 104, ""y1"": 113, ""x2"": 293, ""y2"": 239, ""confidence"": 0.847}]",320,240
2026-06-10 15:11:25,1,"[{""x1"": 101, ""y1"": 112, ""x2"": 294, ""y2"": 239, ""confidence"": 0.846}]",320,240
2026-06-10 15:11:26,1,"[{""x1"": 105, ""y1"": 112, ""x2"": 275, ""y2"": 239, ""confidence"": 0.77}]",320,240
2026-06-10 15:11:26,1,"[{""x1"": 109, ""y1"": 113, ""x2"": 289, ""y2"": 239, ""confidence"": 0.771}]",320,240
2026-06-10 15:11:26,1,"[{""x1"": 106, ""y1"": 113, ""x2"": 285, ""y2"": 239, ""confidence"": 0.79}]",320,240
2026-06-10 15:11:26,1,"[{""x1"": 103, ""y1"": 112, ""x2"": 292, ""y2"": 239, ""confidence"": 0.801}]",320,240
2026-06-10 15:11:26,1,"[{""x1"": 103, ""y1"": 112, ""x2"": 292, ""y2"": 239, ""confidence"": 0.801}]",320,240
2026-06-10 15:11:26,1,"[{""x1"": 109, ""y1"": 113, ""x2"": 282, ""y2"": 239, ""confidence"": 0.817}]",320,240
2026-06-10 15:11:26,1,"[{""x1"": 106, ""y1"": 113, ""x2"": 285, ""y2"": 239, ""confidence"": 0.79}]",320,240
2026-06-10 15:11:27,1,"[{""x1"": 105, ""y1"": 111, ""x2"": 286, ""y2"": 239, ""confidence"": 0.836}]",320,240
2026-06-10 15:11:27,1,"[{""x1"": 106, ""y1"": 111, ""x2"": 286, ""y2"": 239, ""confidence"": 0.785}]",320,240
2026-06-10 15:11:27,1,"[{""x1"": 105, ""y1"": 111, ""x2"": 286, ""y2"": 239, ""confidence"": 0.836}]",320,240
2026-06-10 15:11:27,1,"[{""x1"": 108, ""y1"": 113, ""x2"": 290, ""y2"": 239, ""confidence"": 0.836}]",320,240
2026-06-10 15:11:27,1,"[{""x1"": 107, ""y1"": 113, ""x2"": 286, ""y2"": 239, ""confidence"": 0.86}]",320,240
2026-06-10 15:11:27,1,"[{""x1"": 106, ""y1"": 111, ""x2"": 286, ""y2"": 239, ""confidence"": 0.785}]",320,240
2026-06-10 15:11:27,1,"[{""x1"": 106, ""y1"": 111, ""x2"": 285, ""y2"": 239, ""confidence"": 0.769}]",320,240
2026-06-10 15:11:28,1,"[{""x1"": 108, ""y1"": 112, ""x2"": 292, ""y2"": 239, ""confidence"": 0.848}]",320,240
2026-06-10 15:11:28,1,"[{""x1"": 108, ""y1"": 112, ""x2"": 292, ""y2"": 239, ""confidence"": 0.848}]",320,240
2026-06-10 15:11:28,1,"[{""x1"": 106, ""y1"": 112, ""x2"": 285, ""y2"": 239, ""confidence"": 0.718}]",320,240
2026-06-10 15:11:28,1,"[{""x1"": 107, ""y1"": 113, ""x2"": 287, ""y2"": 239, ""confidence"": 0.846}]",320,240
2026-06-10 15:11:28,1,"[{""x1"": 107, ""y1"": 112, ""x2"": 286, ""y2"": 239, ""confidence"": 0.794}]",320,240
2026-06-10 15:11:28,1,"[{""x1"": 107, ""y1"": 112, ""x2"": 286, ""y2"": 239, ""confidence"": 0.794}]",320,240
2026-06-10 15:11:28,1,"[{""x1"": 106, ""y1"": 111, ""x2"": 285, ""y2"": 239, ""confidence"": 0.769}]",320,240
2026-06-10 15:11:29,1,"[{""x1"": 107, ""y1"": 112, ""x2"": 291, ""y2"": 239, ""confidence"": 0.841}]",320,240
2026-06-10 15:11:29,1,"[{""x1"": 107, ""y1"": 112, ""x2"": 292, ""y2"": 239, ""confidence"": 0.862}]",320,240
2026-06-10 15:11:29,1,"[{""x1"": 107, ""y1"": 112, ""x2"": 291, ""y2"": 239, ""confidence"": 0.841}]",320,240
2026-06-10 15:11:29,1,"[{""x1"": 106, ""y1"": 112, ""x2"": 295, ""y2"": 239, ""confidence"": 0.863}]",320,240
2026-06-10 15:11:29,1,"[{""x1"": 105, ""y1"": 112, ""x2"": 290, ""y2"": 239, ""confidence"": 0.849}]",320,240
2026-06-10 15:11:29,1,"[{""x1"": 106, ""y1"": 112, ""x2"": 295, ""y2"": 239, ""confidence"": 0.863}]",320,240
2026-06-10 15:11:29,1,"[{""x1"": 107, ""y1"": 113, ""x2"": 295, ""y2"": 239, ""confidence"": 0.865}]",320,240
2026-06-10 15:11:29,1,"[{""x1"": 107, ""y1"": 112, ""x2"": 290, ""y2"": 239, ""confidence"": 0.855}]",320,240
2026-06-10 15:11:30,1,"[{""x1"": 107, ""y1"": 112, ""x2"": 296, ""y2"": 239, ""confidence"": 0.86}]",320,240
2026-06-10 15:11:30,1,"[{""x1"": 107, ""y1"": 112, ""x2"": 282, ""y2"": 239, ""confidence"": 0.779}]",320,240
2026-06-10 15:11:30,1,"[{""x1"": 107, ""y1"": 112, ""x2"": 282, ""y2"": 239, ""confidence"": 0.779}]",320,240
2026-06-10 15:11:30,1,"[{""x1"": 107, ""y1"": 112, ""x2"": 296, ""y2"": 239, ""confidence"": 0.86}]",320,240
2026-06-10 15:11:30,1,"[{""x1"": 107, ""y1"": 112, ""x2"": 291, ""y2"": 239, ""confidence"": 0.823}]",320,240
2026-06-10 15:11:30,1,"[{""x1"": 108, ""y1"": 112, ""x2"": 281, ""y2"": 239, ""confidence"": 0.797}]",320,240
2026-06-10 15:11:31,1,"[{""x1"": 107, ""y1"": 112, ""x2"": 291, ""y2"": 239, ""confidence"": 0.823}]",320,240
2026-06-10 15:11:31,1,"[{""x1"": 106, ""y1"": 112, ""x2"": 291, ""y2"": 239, ""confidence"": 0.805}]",320,240
2026-06-10 15:11:31,1,"[{""x1"": 106, ""y1"": 112, ""x2"": 285, ""y2"": 239, ""confidence"": 0.805}]",320,240
2026-06-10 15:11:31,1,"[{""x1"": 106, ""y1"": 112, ""x2"": 285, ""y2"": 239, ""confidence"": 0.805}]",320,240
2026-06-10 15:11:31,1,"[{""x1"": 106, ""y1"": 112, ""x2"": 292, ""y2"": 239, ""confidence"": 0.869}]",320,240
2026-06-10 15:11:31,1,"[{""x1"": 108, ""y1"": 113, ""x2"": 289, ""y2"": 239, ""confidence"": 0.828}]",320,240
2026-06-10 15:11:31,1,"[{""x1"": 106, ""y1"": 112, ""x2"": 292, ""y2"": 239, ""confidence"": 0.869}]",320,240
2026-06-10 15:11:32,1,"[{""x1"": 108, ""y1"": 113, ""x2"": 288, ""y2"": 239, ""confidence"": 0.814}]",320,240
2026-06-10 15:11:32,1,"[{""x1"": 109, ""y1"": 112, ""x2"": 289, ""y2"": 239, ""confidence"": 0.85}]",320,240
2026-06-10 15:11:32,1,"[{""x1"": 107, ""y1"": 113, ""x2"": 290, ""y2"": 239, ""confidence"": 0.78}]",320,240
2026-06-10 15:11:32,1,"[{""x1"": 108, ""y1"": 112, ""x2"": 289, ""y2"": 239, ""confidence"": 0.828}]",320,240
2026-06-10 15:11:32,1,"[{""x1"": 108, ""y1"": 113, ""x2"": 290, ""y2"": 239, ""confidence"": 0.839}]",320,240
2026-06-10 15:11:32,1,"[{""x1"": 108, ""y1"": 112, ""x2"": 289, ""y2"": 239, ""confidence"": 0.828}]",320,240
2026-06-10 15:11:32,1,"[{""x1"": 108, ""y1"": 113, ""x2"": 290, ""y2"": 239, ""confidence"": 0.839}]",320,240
2026-06-10 15:11:33,1,"[{""x1"": 107, ""y1"": 112, ""x2"": 291, ""y2"": 239, ""confidence"": 0.782}]",320,240
2026-06-10 15:11:33,1,"[{""x1"": 108, ""y1"": 113, ""x2"": 285, ""y2"": 239, ""confidence"": 0.779}]",320,240
2026-06-10 15:11:33,1,"[{""x1"": 107, ""y1"": 112, ""x2"": 293, ""y2"": 239, ""confidence"": 0.835}]",320,240
2026-06-10 15:11:33,1,"[{""x1"": 108, ""y1"": 113, ""x2"": 288, ""y2"": 239, ""confidence"": 0.681}]",320,240
2026-06-10 15:11:33,1,"[{""x1"": 107, ""y1"": 112, ""x2"": 291, ""y2"": 239, ""confidence"": 0.782}]",320,240
2026-06-10 15:11:33,1,"[{""x1"": 108, ""y1"": 113, ""x2"": 288, ""y2"": 239, ""confidence"": 0.681}]",320,240
2026-06-10 15:11:33,1,"[{""x1"": 106, ""y1"": 113, ""x2"": 288, ""y2"": 239, ""confidence"": 0.814}]",320,240
2026-06-10 15:11:33,1,"[{""x1"": 107, ""y1"": 113, ""x2"": 288, ""y2"": 239, ""confidence"": 0.773}]",320,240
2026-06-10 15:11:34,1,"[{""x1"": 107, ""y1"": 113, ""x2"": 290, ""y2"": 239, ""confidence"": 0.789}]",320,240
2026-06-10 15:11:34,1,"[{""x1"": 108, ""y1"": 112, ""x2"": 289, ""y2"": 239, ""confidence"": 0.776}]",320,240
2026-06-10 15:11:34,1,"[{""x1"": 108, ""y1"": 112, ""x2"": 289, ""y2"": 239, ""confidence"": 0.801}]",320,240
2026-06-10 15:11:34,1,"[{""x1"": 109, ""y1"": 112, ""x2"": 290, ""y2"": 239, ""confidence"": 0.866}]",320,240
2026-06-10 15:11:34,1,"[{""x1"": 109, ""y1"": 112, ""x2"": 290, ""y2"": 239, ""confidence"": 0.866}]",320,240
2026-06-10 15:11:34,1,"[{""x1"": 107, ""y1"": 113, ""x2"": 290, ""y2"": 239, ""confidence"": 0.789}]",320,240
2026-06-10 15:11:34,1,"[{""x1"": 108, ""y1"": 113, ""x2"": 290, ""y2"": 239, ""confidence"": 0.759}]",320,240
2026-06-10 15:11:34,1,"[{""x1"": 107, ""y1"": 113, ""x2"": 288, ""y2"": 239, ""confidence"": 0.773}]",320,240
2026-06-10 15:11:35,1,"[{""x1"": 107, ""y1"": 113, ""x2"": 291, ""y2"": 239, ""confidence"": 0.823}]",320,240
2026-06-10 15:11:35,1,"[{""x1"": 107, ""y1"": 113, ""x2"": 292, ""y2"": 239, ""confidence"": 0.839}]",320,240
2026-06-10 15:11:35,1,"[{""x1"": 107, ""y1"": 113, ""x2"": 292, ""y2"": 239, ""confidence"": 0.839}]",320,240
2026-06-10 15:11:35,1,"[{""x1"": 108, ""y1"": 112, ""x2"": 287, ""y2"": 239, ""confidence"": 0.81}]",320,240
2026-06-10 15:11:35,1,"[{""x1"": 108, ""y1"": 112, ""x2"": 287, ""y2"": 239, ""confidence"": 0.81}]",320,240
2026-06-10 15:11:35,1,"[{""x1"": 109, ""y1"": 113, ""x2"": 292, ""y2"": 239, ""confidence"": 0.807}]",320,240
2026-06-10 15:11:35,1,"[{""x1"": 108, ""y1"": 112, ""x2"": 289, ""y2"": 239, ""confidence"": 0.776}]",320,240
2026-06-10 15:11:35,1,"[{""x1"": 107, ""y1"": 113, ""x2"": 292, ""y2"": 239, ""confidence"": 0.852}]",320,240
2026-06-10 15:11:36,1,"[{""x1"": 108, ""y1"": 112, ""x2"": 289, ""y2"": 239, ""confidence"": 0.858}]",320,240
2026-06-10 15:11:36,1,"[{""x1"": 109, ""y1"": 112, ""x2"": 293, ""y2"": 239, ""confidence"": 0.84}]",320,240
2026-06-10 15:11:36,1,"[{""x1"": 109, ""y1"": 112, ""x2"": 294, ""y2"": 239, ""confidence"": 0.869}]",320,240
2026-06-10 15:11:36,1,"[{""x1"": 109, ""y1"": 112, ""x2"": 293, ""y2"": 239, ""confidence"": 0.84}]",320,240
2026-06-10 15:11:36,1,"[{""x1"": 109, ""y1"": 113, ""x2"": 294, ""y2"": 239, ""confidence"": 0.846}]",320,240
2026-06-10 15:11:36,1,"[{""x1"": 109, ""y1"": 112, ""x2"": 294, ""y2"": 239, ""confidence"": 0.869}]",320,240
2026-06-10 15:11:36,1,"[{""x1"": 108, ""y1"": 113, ""x2"": 290, ""y2"": 239, ""confidence"": 0.82}]",320,240
2026-06-10 15:11:37,1,"[{""x1"": 109, ""y1"": 112, ""x2"": 282, ""y2"": 239, ""confidence"": 0.796}]",320,240
2026-06-10 15:11:37,1,"[{""x1"": 107, ""y1"": 112, ""x2"": 292, ""y2"": 239, ""confidence"": 0.852}]",320,240
2026-06-10 15:11:37,1,"[{""x1"": 107, ""y1"": 113, ""x2"": 285, ""y2"": 239, ""confidence"": 0.83}]",320,240
2026-06-10 15:11:37,1,"[{""x1"": 107, ""y1"": 113, ""x2"": 285, ""y2"": 239, ""confidence"": 0.83}]",320,240
2026-06-10 15:11:37,1,"[{""x1"": 108, ""y1"": 113, ""x2"": 289, ""y2"": 239, ""confidence"": 0.828}]",320,240
2026-06-10 15:11:37,1,"[{""x1"": 108, ""y1"": 112, ""x2"": 292, ""y2"": 239, ""confidence"": 0.803}]",320,240
2026-06-10 15:11:37,1,"[{""x1"": 107, ""y1"": 112, ""x2"": 292, ""y2"": 239, ""confidence"": 0.852}]",320,240
2026-06-10 15:11:38,1,"[{""x1"": 108, ""y1"": 112, ""x2"": 286, ""y2"": 239, ""confidence"": 0.8}]",320,240
2026-06-10 15:11:38,1,"[{""x1"": 108, ""y1"": 112, ""x2"": 292, ""y2"": 239, ""confidence"": 0.803}]",320,240
2026-06-10 15:11:38,1,"[{""x1"": 107, ""y1"": 112, ""x2"": 294, ""y2"": 239, ""confidence"": 0.814}]",320,240
2026-06-10 15:11:38,1,"[{""x1"": 108, ""y1"": 112, ""x2"": 286, ""y2"": 239, ""confidence"": 0.8}]",320,240
2026-06-10 15:11:38,1,"[{""x1"": 107, ""y1"": 113, ""x2"": 286, ""y2"": 239, ""confidence"": 0.84}]",320,240
2026-06-10 15:11:38,1,"[{""x1"": 107, ""y1"": 112, ""x2"": 294, ""y2"": 239, ""confidence"": 0.814}]",320,240
2026-06-10 15:11:38,1,"[{""x1"": 109, ""y1"": 112, ""x2"": 291, ""y2"": 239, ""confidence"": 0.838}]",320,240
2026-06-10 15:11:38,1,"[{""x1"": 107, ""y1"": 112, ""x2"": 286, ""y2"": 239, ""confidence"": 0.751}]",320,240
2026-06-10 15:11:39,1,"[{""x1"": 109, ""y1"": 112, ""x2"": 293, ""y2"": 239, ""confidence"": 0.827}]",320,240
2026-06-10 15:11:39,1,"[{""x1"": 107, ""y1"": 113, ""x2"": 290, ""y2"": 239, ""confidence"": 0.778}]",320,240
2026-06-10 15:11:39,1,"[{""x1"": 109, ""y1"": 113, ""x2"": 294, ""y2"": 239, ""confidence"": 0.859}]",320,240
2026-06-10 15:11:39,1,"[{""x1"": 107, ""y1"": 113, ""x2"": 291, ""y2"": 239, ""confidence"": 0.799}]",320,240
2026-06-10 15:11:39,1,"[{""x1"": 109, ""y1"": 113, ""x2"": 285, ""y2"": 239, ""confidence"": 0.834}]",320,240
2026-06-10 15:11:39,1,"[{""x1"": 109, ""y1"": 112, ""x2"": 293, ""y2"": 239, ""confidence"": 0.827}]",320,240
2026-06-10 15:11:39,1,"[{""x1"": 109, ""y1"": 113, ""x2"": 288, ""y2"": 239, ""confidence"": 0.782}]",320,240
2026-06-10 15:11:39,1,"[{""x1"": 107, ""y1"": 113, ""x2"": 290, ""y2"": 239, ""confidence"": 0.778}]",320,240
2026-06-10 15:11:40,1,"[{""x1"": 107, ""y1"": 113, ""x2"": 291, ""y2"": 239, ""confidence"": 0.811}]",320,240
2026-06-10 15:11:40,1,"[{""x1"": 110, ""y1"": 113, ""x2"": 287, ""y2"": 239, ""confidence"": 0.844}]",320,240
2026-06-10 15:11:40,1,"[{""x1"": 107, ""y1"": 112, ""x2"": 291, ""y2"": 239, ""confidence"": 0.796}]",320,240
2026-06-10 15:11:40,1,"[{""x1"": 109, ""y1"": 113, ""x2"": 285, ""y2"": 239, ""confidence"": 0.834}]",320,240
2026-06-10 15:11:40,1,"[{""x1"": 110, ""y1"": 113, ""x2"": 287, ""y2"": 239, ""confidence"": 0.844}]",320,240
2026-06-10 15:11:40,1,"[{""x1"": 107, ""y1"": 112, ""x2"": 291, ""y2"": 239, ""confidence"": 0.796}]",320,240
2026-06-10 15:11:40,1,"[{""x1"": 108, ""y1"": 113, ""x2"": 286, ""y2"": 239, ""confidence"": 0.775}]",320,240
2026-06-10 15:11:41,1,"[{""x1"": 108, ""y1"": 113, ""x2"": 291, ""y2"": 239, ""confidence"": 0.809}]",320,240
2026-06-10 15:11:41,1,"[{""x1"": 109, ""y1"": 112, ""x2"": 288, ""y2"": 239, ""confidence"": 0.835}]",320,240
2026-06-10 15:11:41,1,"[{""x1"": 108, ""y1"": 112, ""x2"": 288, ""y2"": 239, ""confidence"": 0.721}]",320,240
2026-06-10 15:11:41,1,"[{""x1"": 108, ""y1"": 113, ""x2"": 290, ""y2"": 239, ""confidence"": 0.829}]",320,240
2026-06-10 15:11:41,1,"[{""x1"": 109, ""y1"": 112, ""x2"": 293, ""y2"": 239, ""confidence"": 0.828}]",320,240
2026-06-10 15:11:41,1,"[{""x1"": 108, ""y1"": 112, ""x2"": 288, ""y2"": 239, ""confidence"": 0.721}]",320,240
2026-06-10 15:11:41,1,"[{""x1"": 109, ""y1"": 112, ""x2"": 288, ""y2"": 239, ""confidence"": 0.835}]",320,240
2026-06-10 15:11:42,1,"[{""x1"": 108, ""y1"": 112, ""x2"": 286, ""y2"": 239, ""confidence"": 0.823}]",320,240
2026-06-10 15:11:42,1,"[{""x1"": 108, ""y1"": 113, ""x2"": 287, ""y2"": 239, ""confidence"": 0.859}]",320,240
2026-06-10 15:11:42,1,"[{""x1"": 108, ""y1"": 113, ""x2"": 289, ""y2"": 239, ""confidence"": 0.845}]",320,240
2026-06-10 15:11:42,1,"[{""x1"": 108, ""y1"": 113, ""x2"": 287, ""y2"": 239, ""confidence"": 0.859}]",320,240
2026-06-10 15:11:42,1,"[{""x1"": 109, ""y1"": 112, ""x2"": 290, ""y2"": 239, ""confidence"": 0.74}]",320,240
2026-06-10 15:11:42,1,"[{""x1"": 108, ""y1"": 113, ""x2"": 291, ""y2"": 239, ""confidence"": 0.809}]",320,240
2026-06-10 15:11:43,1,"[{""x1"": 108, ""y1"": 112, ""x2"": 287, ""y2"": 239, ""confidence"": 0.803}]",320,240
2026-06-10 15:11:43,1,"[{""x1"": 108, ""y1"": 113, ""x2"": 289, ""y2"": 239, ""confidence"": 0.836}]",320,240
2026-06-10 15:11:43,1,"[{""x1"": 108, ""y1"": 114, ""x2"": 292, ""y2"": 239, ""confidence"": 0.698}]",320,240
2026-06-10 15:11:43,1,"[{""x1"": 108, ""y1"": 112, ""x2"": 287, ""y2"": 239, ""confidence"": 0.803}]",320,240
2026-06-10 15:11:43,1,"[{""x1"": 107, ""y1"": 113, ""x2"": 286, ""y2"": 239, ""confidence"": 0.792}]",320,240
2026-06-10 15:11:43,1,"[{""x1"": 107, ""y1"": 113, ""x2"": 286, ""y2"": 239, ""confidence"": 0.792}]",320,240
2026-06-10 15:11:43,1,"[{""x1"": 108, ""y1"": 113, ""x2"": 289, ""y2"": 239, ""confidence"": 0.836}]",320,240
2026-06-10 15:11:43,1,"[{""x1"": 108, ""y1"": 111, ""x2"": 291, ""y2"": 239, ""confidence"": 0.699}]",320,240
2026-06-10 15:11:44,1,"[{""x1"": 108, ""y1"": 114, ""x2"": 292, ""y2"": 239, ""confidence"": 0.698}]",320,240
2026-06-10 15:11:44,1,"[{""x1"": 108, ""y1"": 113, ""x2"": 287, ""y2"": 239, ""confidence"": 0.739}]",320,240
2026-06-10 15:11:44,1,"[{""x1"": 108, ""y1"": 112, ""x2"": 292, ""y2"": 239, ""confidence"": 0.704}]",320,240
2026-06-10 15:11:44,1,"[{""x1"": 108, ""y1"": 113, ""x2"": 287, ""y2"": 239, ""confidence"": 0.825}]",320,240
2026-06-10 15:11:44,1,"[{""x1"": 108, ""y1"": 112, ""x2"": 292, ""y2"": 239, ""confidence"": 0.704}]",320,240
2026-06-10 15:11:44,1,"[{""x1"": 108, ""y1"": 113, ""x2"": 287, ""y2"": 239, ""confidence"": 0.825}]",320,240
2026-06-10 15:11:44,1,"[{""x1"": 108, ""y1"": 113, ""x2"": 289, ""y2"": 239, ""confidence"": 0.768}]",320,240
2026-06-10 15:11:45,1,"[{""x1"": 109, ""y1"": 113, ""x2"": 292, ""y2"": 239, ""confidence"": 0.811}]",320,240
2026-06-10 15:11:46,1,"[{""x1"": 109, ""y1"": 113, ""x2"": 289, ""y2"": 239, ""confidence"": 0.834}]",320,240
2026-06-10 15:11:46,1,"[{""x1"": 109, ""y1"": 112, ""x2"": 286, ""y2"": 239, ""confidence"": 0.786}]",320,240
2026-06-10 15:11:47,1,"[{""x1"": 108, ""y1"": 113, ""x2"": 288, ""y2"": 239, ""confidence"": 0.82}]",320,240
2026-06-10 15:11:47,1,"[{""x1"": 108, ""y1"": 114, ""x2"": 293, ""y2"": 239, ""confidence"": 0.844}]",320,240
2026-06-10 15:11:47,1,"[{""x1"": 108, ""y1"": 112, ""x2"": 284, ""y2"": 239, ""confidence"": 0.772}]",320,240
2026-06-10 15:11:47,1,"[{""x1"": 108, ""y1"": 112, ""x2"": 284, ""y2"": 239, ""confidence"": 0.772}]",320,240
2026-06-10 15:11:47,1,"[{""x1"": 109, ""y1"": 113, ""x2"": 289, ""y2"": 239, ""confidence"": 0.834}]",320,240
2026-06-10 15:11:47,1,"[{""x1"": 108, ""y1"": 113, ""x2"": 288, ""y2"": 239, ""confidence"": 0.82}]",320,240
2026-06-10 15:11:48,1,"[{""x1"": 106, ""y1"": 114, ""x2"": 292, ""y2"": 239, ""confidence"": 0.822}]",320,240
2026-06-10 15:11:48,1,"[{""x1"": 108, ""y1"": 114, ""x2"": 290, ""y2"": 239, ""confidence"": 0.719}]",320,240
2026-06-10 15:11:48,1,"[{""x1"": 108, ""y1"": 113, ""x2"": 291, ""y2"": 239, ""confidence"": 0.829}]",320,240
2026-06-10 15:11:48,1,"[{""x1"": 108, ""y1"": 113, ""x2"": 285, ""y2"": 239, ""confidence"": 0.772}]",320,240
2026-06-10 15:11:48,1,"[{""x1"": 108, ""y1"": 113, ""x2"": 285, ""y2"": 239, ""confidence"": 0.772}]",320,240
2026-06-10 15:11:49,1,"[{""x1"": 109, ""y1"": 94, ""x2"": 290, ""y2"": 239, ""confidence"": 0.791}]",320,240
2026-06-10 15:11:49,1,"[{""x1"": 108, ""y1"": 113, ""x2"": 289, ""y2"": 239, ""confidence"": 0.791}]",320,240
2026-06-10 15:11:49,1,"[{""x1"": 106, ""y1"": 114, ""x2"": 292, ""y2"": 239, ""confidence"": 0.822}]",320,240
2026-06-10 15:11:49,1,"[{""x1"": 108, ""y1"": 113, ""x2"": 289, ""y2"": 239, ""confidence"": 0.791}]",320,240
2026-06-10 15:11:49,1,"[{""x1"": 107, ""y1"": 113, ""x2"": 288, ""y2"": 239, ""confidence"": 0.749}]",320,240
2026-06-10 15:11:49,1,"[{""x1"": 109, ""y1"": 94, ""x2"": 290, ""y2"": 239, ""confidence"": 0.791}]",320,240
2026-06-10 15:11:49,1,"[{""x1"": 109, ""y1"": 113, ""x2"": 292, ""y2"": 239, ""confidence"": 0.767}]",320,240
2026-06-10 15:11:50,1,"[{""x1"": 108, ""y1"": 112, ""x2"": 286, ""y2"": 239, ""confidence"": 0.765}]",320,240
2026-06-10 15:11:50,1,"[{""x1"": 107, ""y1"": 113, ""x2"": 289, ""y2"": 239, ""confidence"": 0.83}]",320,240
2026-06-10 15:11:50,1,"[{""x1"": 108, ""y1"": 112, ""x2"": 286, ""y2"": 239, ""confidence"": 0.765}]",320,240
2026-06-10 15:11:50,1,"[{""x1"": 107, ""y1"": 113, ""x2"": 289, ""y2"": 239, ""confidence"": 0.83}]",320,240
2026-06-10 15:11:50,1,"[{""x1"": 107, ""y1"": 113, ""x2"": 291, ""y2"": 239, ""confidence"": 0.721}]",320,240
2026-06-10 15:11:50,1,"[{""x1"": 109, ""y1"": 113, ""x2"": 288, ""y2"": 239, ""confidence"": 0.674}]",320,240
2026-06-10 15:11:50,1,"[{""x1"": 109, ""y1"": 113, ""x2"": 288, ""y2"": 239, ""confidence"": 0.674}]",320,240
2026-06-10 15:11:50,1,"[{""x1"": 110, ""y1"": 112, ""x2"": 292, ""y2"": 239, ""confidence"": 0.832}]",320,240
2026-06-10 15:11:51,1,"[{""x1"": 108, ""y1"": 112, ""x2"": 288, ""y2"": 239, ""confidence"": 0.745}]",320,240
2026-06-10 15:11:51,1,"[{""x1"": 107, ""y1"": 113, ""x2"": 290, ""y2"": 239, ""confidence"": 0.598}]",320,240
